Id,SalePrice
FDW58,107.576225
FDW14,87.06966
NCN55,241.97577
FDQ58,155.04295
FDY38,234.13403
FDH56,117.429596
FDL48,50.011612
FDC48,80.72771
FDN33,95.81722
FDA36,186.7576
FDT44,118.469376
FDQ56,85.28936
NCC54,240.32072
FDU11,122.46919
DRL59,52.128895
FDM24,151.61884
FDI57,198.70596
DRC12,191.89421
NCM42,109.620636
FDA46,193.85263
FDA31,175.08932
NCJ31,239.97234
FDG52,47.96632
NCL19,142.23836
FDS10,180.41203
FDX22,209.23749
NCF19,47.39498
NCE06,161.42635
DRC27,244.90392
FDE21,116.41048
NCR42,32.09468
FDX51,194.43677
NCR06,42.38813
FDU31,218.22565
FDU59,164.23796
FDR03,204.70512
FDS49,80.59146
FDD48,114.026695
NCF18,191.88066
NCD43,103.42812
NCD54,143.47702
FDY19,116.39394
NCY54,173.93234
NCL19,144.96811
FDP23,217.43073
FDC26,112.15489
FDR14,55.771927
NCS41,183.54347
FDF41,248.13676
FDU34,125.23336
DRH11,56.949524
FDM03,106.99999
FDS31,181.23074
FDJ20,122.38797
FDV44,188.6278
FDG02,188.81369
FDA09,179.65735
FDT04,38.295906
FDL58,263.26456
FDE52,90.27993
FDW12,144.97481
FDL51,215.13927
NCY42,140.76161
FDR07,96.6082
FDN40,152.96092
FDB35,90.26437
FDA22,165.86893
NCL06,262.59256
FDI35,181.36623
NCW42,221.5697
NCX06,180.35349
FDC37,108.36346
FDZ14,122.41714
DRG49,245.16576
NCG06,256.49283
DRC36,173.88953
FDV21,124.84635
FDB53,148.27399
DRP47,252.3364
FDA14,145.00478
DRC24,152.94183
FDW21,100.81977
NCH29,97.32567
FDU58,188.59396
FDY27,177.50699
FDV56,108.94949
FDT59,230.74031
FDB23,226.05302
FDR49,46.50198
FDB03,242.30753
FDN39,165.7233
FDX02,223.1722
FDQ16,107.53266
FDU35,99.583725
NCT29,121.97409
FDZ27,48.00849
FDN57,140.45288
FDA03,146.05405
FDZ36,185.80588
NCU05,80.78976
FDT39,150.966
FDK60,97.24083
FDZ25,169.61613
FDG12,121.81144
DRB01,191.59865
NCC43,250.91664
FDX13,248.1501
FDM22,52.9585
FDJ03,48.88055
FDU14,249.8837
FDB33,159.27965
FDP27,190.91202
FDO38,76.63545
FDE28,231.92781
FDO27,95.39265
DRL23,107.21973
FDS28,55.707294
FDX24,92.526985
FDZ02,96.364624
FDL46,117.42845
FDS60,178.74422
NCO06,33.077854
FDO16,84.9991
FDC60,87.01732
FDA48,219.99632
FDZ36,186.30888
FDK27,120.651924
FDW23,38.875862
FDM14,110.36902
FDM14,108.35449
FDW60,177.38857
FDE21,116.39192
NCM42,109.322464
FDY59,93.92584
DRI49,81.75317
FDT28,151.5454
FDQ22,39.669075
FDR60,76.665886
FDC50,94.63741
FDV24,151.72049
DRF48,188.38225
FDQ47,36.694923
DRN36,97.29762
NCY06,128.5484
FDE52,89.484375
NCB54,126.85653
NCF31,152.37698
FDJ08,189.61197
NCC07,106.00058
NCD19,53.57717
FDL46,118.54163
FDM20,246.2258
NCI06,180.35844
DRM11,259.3302
NCH07,158.44872
FDS23,129.28403
FDO49,49.025875
FDS35,65.50474
DRK39,82.724976
DRI39,58.77301
FDV04,158.27576
NCN14,182.63164
FDH08,231.58206
FDS20,182.83824
FDV40,75.43053
FDZ48,110.597115
FDS24,87.990715
FDK44,173.88377
FDS48,150.33932
FDK26,186.74942
FDD23,188.56169
NCH54,161.35048
NCP14,107.0309
FDM60,39.439384
FDV24,151.54941
FDH08,228.8267
FDS12,127.61674
FDR39,180.39967
FDP12,36.4943
DRF60,235.97746
FDC09,102.66483
FDF50,198.70502
FDG28,243.90666
NCE19,55.490173
NCM53,108.36237
NCN18,111.16944
FDF32,199.04802
FDF11,239.21257
DRI59,224.99307
NCG54,169.65273
FDM44,101.41759
FDT57,235.98059
FDV24,151.57349
FDI50,227.49745
FDS09,51.17282
NCC31,154.79675
FDQ07,219.31651
FDC22,191.84203
FDZ56,169.58052
FDZ40,53.64219
FDS46,118.51097
DRD24,140.56133
FDV45,189.18558
FDL26,155.92477
FDA56,123.04915
FDN27,118.05653
FDM20,245.18056
FDO16,82.94666
FDL03,195.41374
FDE58,117.422005
FDI02,112.1251
NCC55,38.76221
FDR03,206.29073
FDB14,92.52912
FDR45,241.36679
NCN07,130.3238
FDM51,102.49458
FDT52,244.9277
FDL26,154.26779
NCZ42,238.83736
DRI47,146.09996
FDW40,140.73523
FDN34,169.59831
FDS01,178.47568
NCG55,116.20819
FDC11,87.15672
FDX35,226.1945
NCB06,160.35301
FDR09,259.8782
FDC53,97.02492
FDY45,255.36577
FDA22,168.56824
FDE02,95.187874
FDW21,100.7924
FDV34,73.896126
FDS59,109.07098
NCW17,127.882996
NCK54,117.44966
FDG17,244.07446
FDG35,173.05829
FDD08,37.966816
NCO07,210.73785
FDJ10,142.13214
FDW36,103.81503
FDW21,100.91073
FDY19,118.04675
DRE03,47.387283
NCC55,38.140217
FDH52,63.361855
FDO09,264.66318
FDU43,239.20837
FDX09,175.11606
FDH40,83.17167
FDW58,103.85078
FDC47,227.33676
NCR41,94.5124
DRG49,244.95204
FDC52,152.35223
FDY13,74.376724
FDY35,44.047302
FDI35,181.73386
NCU18,141.73604
FDY33,158.4351
FDC15,157.35443
FDU01,186.31683
NCU42,169.70111
NCV29,177.53438
NCY30,182.78609
FDQ46,112.16061
FDG58,153.7547
FDK33,213.09158
NCD07,115.694405
NCX29,144.20267
NCT42,148.28648
DRN59,45.907288
FDI44,78.94663
FDA45,178.45108
FDP31,65.467545
FDY01,115.17619
FDT09,132.92265
DRH03,95.17575
FDA36,186.72447
NCF31,153.28012
FDG14,151.55312
FDG28,245.18443
FDU14,250.13663
FDY47,130.9828
FDI56,90.259636
DRD01,56.392742
FDM22,54.749805
FDH33,42.097424
DRZ24,118.53476
NCQ38,105.03616
FDO16,83.91271
FDU07,149.23653
NCB07,194.4191
FDU48,131.98293
NCM43,165.5866
FDR31,144.18895
DRK49,40.956398
NCI30,244.93048
DRD60,181.30608
NCG19,235.4356
FDH12,105.02241
FDM32,91.72505
FDM27,156.07639
NCU53,165.74773
NCQ18,99.5751
FDS10,179.11333
FDB33,157.34918
FDI12,85.77918
NCW42,221.55556
NCC06,128.5394
FDW02,125.92928
NCD43,103.811966
FDM57,82.933525
FDA58,237.22346
FDK56,185.4946
FDP52,231.5762
FDW20,123.83734
FDS52,99.87837
NCT29,119.81795
NCL54,176.71585
FDC05,198.40369
FDF34,196.98688
FDP03,124.10714
FDD32,83.16105
FDZ10,127.64407
FDZ40,53.652184
FDD51,43.63
NCY30,179.66869
FDP58,218.27505
FDV49,264.2989
FDY24,52.348022
NCO55,107.21775
FDR13,116.388985
FDS51,61.917313
FDP26,105.02703
NCB54,129.2212
FDF32,197.08955
FDN31,189.20734
DRM48,35.998547
FDN20,169.58931
DRL01,233.2084
FDV56,107.22345
DRH13,107.53517
FDA03,146.04819
FDF47,224.13853
FDX32,146.65842
FDX57,96.319916
NCA30,190.22217
FDO49,49.041733
FDL04,105.07455
DRM48,37.30937
FDR16,213.02563
NCC19,192.79872
NCE42,235.54274
FDY24,54.831867
FDH19,175.45703
FDJ46,173.46957
FDN45,224.90088
FDY08,139.96156
FDZ37,86.383514
NCT30,47.376945
DRY23,41.98881
NCZ30,121.665565
FDC44,113.5462
FDB45,105.01469
FDY04,163.52106
FDM27,159.2763
FDZ43,241.3634
FDT39,150.88356
NCC06,126.673836
FDL15,153.76083
FDL57,257.65195
FDU08,98.70731
FDK40,264.09534
FDQ12,228.88063
FDS48,150.94934
FDP09,211.83217
FDW21,98.65429
FDY25,181.31915
DRE13,85.25417
FDV43,42.91681
FDD22,111.635605
FDM46,92.78919
NCO30,184.83101
FDM25,173.8907
NCN41,123.03795
FDU24,93.09307
FDZ50,183.78336
FDP45,251.60542
NCM54,126.071144
FDW10,175.26611
FDP20,127.88879
FDK32,150.9172
FDN52,88.02476
FDM58,111.16778
FDZ46,110.6587
NCA18,117.428604
FDD35,121.869995
NCK31,49.41324
FDI40,100.801125
FDT50,97.797035
NCT06,164.56137
FDT31,187.84993
FDT45,52.939564
FDT13,187.2774
FDO50,90.79804
NCU18,140.62872
NCR54,195.25067
NCO18,178.41429
FDU09,56.362236
FDT13,187.59677
FDE09,112.160034
NCK53,100.90702
FDG45,213.09041
DRH15,44.77111
FDO21,224.17342
FDD14,184.10312
FDC09,102.66524
FDH45,43.11173
FDV32,65.48674
FDG12,119.38045
FDS32,140.371
NCL55,250.89545
DRE01,243.91292
DRE15,76.824745
NCL42,247.04584
FDP31,64.357635
FDN33,93.866684
FDZ59,164.5837
FDE45,178.40787
FDJ07,118.44652
FDQ45,184.10326
FDM33,219.32626
FDO15,75.52177
FDM46,92.36621
FDR03,204.70782
FDY49,166.6017
FDQ60,118.536705
FDW10,176.27971
FDO51,44.589855
FDJ40,108.89587
FDS20,182.57149
FDU45,112.483025
FDV02,169.56891
FDN09,242.29474
NCM55,186.83667
FDN23,144.99542
FDY31,145.05096
FDW03,107.1195
FDD14,183.56389
FDV23,125.64474
DRI03,175.44759
FDN13,99.55215
FDF45,60.065285
FDU46,87.12743
FDB57,222.35219
FDV12,99.64366
FDQ58,150.89505
NCA18,115.94335
FDH52,61.410023
FDM24,150.14307
NCP43,181.30685
NCO18,176.44037
FDM32,90.87974
NCL07,37.88872
FDK03,253.00642
FDP59,102.471466
FDQ24,250.88504
FDQ16,109.52055
FDU44,160.37236
FDH28,38.569763
FDV28,35.8527
FDM22,53.588627
FDR56,196.01598
FDV39,196.99641
FDU37,80.7011
FDQ11,256.54633
FDX02,223.19234
NCS42,92.60335
FDY57,94.48964
FDB21,241.95892
FDE28,230.11493
FDQ55,113.54573
FDA48,222.49083
FDZ19,173.9178
NCC43,252.35489
NCV18,81.767044
NCA42,159.23578
FDY45,256.52576
NCC30,178.79147
FDM57,85.29722
FDL09,166.89143
FDB09,124.72906
FDT44,118.514595
NCT06,164.21193
FDX26,183.52711
FDK32,153.14696
DRA12,142.5736
FDO46,187.84906
FDE52,86.396645
NCH42,230.17242
FDV08,42.02425
FDB47,210.6885
FDC28,110.613495
FDD22,113.74074
FDS07,115.30152
DRI13,216.76524
FDG32,222.92395
FDU14,250.11163
FDD28,58.823204
NCP41,109.50106
FDS08,175.14426
FDX47,157.36555
FDC53,100.86774
FDQ19,241.32173
FDL14,154.79477
FDM33,221.26953
FDA51,113.556885
FDZ27,48.76603
FDT04,41.424408
DRC13,124.72214
FDR16,215.15399
FDQ03,235.96445
FDE38,167.04456
DRH23,56.92734
FDT11,187.81966
FDD09,179.71347
FDR40,81.85001
FDX07,183.5501
FDR07,97.02721
FDA51,114.03077
FDT59,230.17314
FDF20,195.30745
FDR13,115.15732
FDY26,210.45589
FDW04,129.84587
FDK52,227.24536
FDN60,157.05057
FDM09,170.91968
FDP46,88.0033
FDB50,79.296
NCQ29,258.89078
FDP16,245.19614
FDX33,161.34767
FDP07,195.43268
FDN22,250.91374
FDF39,261.69098
FDS21,60.174145
NCM42,107.23135
FDK50,163.55103
DRF13,146.75356
FDH35,164.02068
FDP60,99.54423
DRJ49,130.32555
NCT42,148.3039
FDE38,167.04306
FDI04,198.65182
NCH54,157.70886
FDT56,58.78535
DRD15,232.05669
FDV58,193.77702
FDP21,187.27655
FDH05,233.0164
FDR10,161.36699
NCP06,149.306
FDF33,106.11386
DRK37,188.34113
DRH49,84.05369
FDT58,167.03835
FDD41,103.84874
FDP40,110.45814
FDM51,101.499275
FDO45,86.38621
FDW33,107.03267
FDY24,53.613518
FDB10,237.2584
FDM40,141.8314
NCI06,181.2592
FDW12,143.5533
FDX48,154.77711
NCW05,107.20341
FDX27,95.11699
DRM37,198.39926
FDA38,241.31046
FDR36,40.085396
FDZ45,198.68843
FDG05,158.4441
FDK28,258.57364
FDV47,85.77942
FDN21,160.36293
FDP20,127.211136
FDI35,181.7493
DRY23,43.370045
FDA56,122.40447
FDB09,123.02298
NCO26,117.43299
FDQ49,156.6104
FDI52,122.40925
FDZ44,117.48366
FDZ09,164.38774
FDY03,113.538055
NCG42,129.84503
DRI13,218.2287
FDQ32,125.590065
FDW16,90.859825
FDU27,46.68305
FDR28,162.44604
FDQ49,158.29294
FDS37,116.24247
FDW26,220.50015
FDX12,241.31216
NCP06,150.8754
FDW45,145.06886
NCN30,94.484566
FDN24,52.99752
NCL41,32.84878
FDR02,109.46648
FDD09,181.26045
FDS33,86.36128
FDU22,119.59439
FDI53,162.42728
DRH01,175.44116
FDX32,143.25177
NCP30,39.711353
FDB60,196.0326
FDB14,93.09034
NCP02,57.634712
FDJ10,140.34578
FDG34,110.61129
NCB18,88.006775
FDM16,74.24
FDW25,83.9886
FDB35,91.69864
DRN11,143.33379
FDF41,248.25612
FDH16,88.09676
NCQ50,213.01999
DRH23,56.923405
DRJ37,151.73729
DRJ24,184.77794
FDY16,183.5344
FDQ27,105.05552
FDZ33,148.27556
FDF29,131.18275
FDA08,163.53682
FDG31,65.45918
FDE34,183.57135
NCR30,73.9076
FDV33,258.36304
DRZ24,119.86901
NCL54,173.46573
FDR12,172.94322
NCC54,242.00041
DRN59,45.932682
FDX50,110.43879
FDV31,178.521
NCA29,172.86296
FDW60,176.55931
FDX08,182.61491
DRD49,235.9859
FDD33,231.56903
FDW35,42.407078
FDJ36,102.65811
FDV51,166.5889
FDW36,106.13271
FDH35,165.57513
NCS30,131.01172
FDN49,38.31011
FDL08,246.19342
FDI09,240.17108
FDP19,129.21202
FDU21,33.04885
NCP41,107.52911
FDY10,112.50176
FDP12,36.31542
NCN26,116.21697
FDK44,175.095
FDC28,109.065056
FDJ41,263.26996
NCT29,123.79666
NCH42,228.49591
FDU60,166.99194
FDS02,192.90942
FDC51,123.04761
FDU03,182.63057
FDX39,211.77905
NCY05,36.68527
NCL06,259.88303
FDD32,79.51095
NCN41,122.406845
NCX53,141.76118
FDU57,150.12227
FDQ23,103.8211
FDQ52,248.96959
FDC14,40.235764
FDY09,176.73187
FDQ28,156.4481
FDV25,220.94951
FDJ07,116.20128
DRB25,105.98384
FDK52,224.99298
FDY52,63.2454
FDB28,197.41052
FDT36,36.082775
FDV25,222.3251
NCN07,130.32367
FDC57,192.85306
FDQ03,235.94897
FDU23,167.06534
NCX41,213.02902
NCD06,46.64614
FDW08,107.03868
NCU29,145.02121
NCE06,161.38425
FDV52,118.09558
FDB02,176.71059
NCR18,42.867798
FDK16,94.505035
NCQ29,258.5913
FDZ01,103.44613
FDW27,157.07346
FDD17,238.261
FDW39,176.68365
DRH59,72.16332
FDS52,101.485916
FDU40,195.36029
NCF54,173.87032
FDH46,102.696915
NCP14,103.42145
FDH50,185.4709
DRF15,153.2577
FDV27,87.12426
NCJ06,119.8645
FDN02,204.66924
FDQ51,45.922825
FDQ07,222.71701
FDS45,104.938446
NCJ06,121.55468
FDD36,117.383514
FDY25,182.66063
FDU52,154.81908
DRK47,227.28378
NCL30,128.53384
FDN22,251.69589
NCF30,126.25692
FDK03,256.47482
FDT45,55.342907
NCC54,239.94574
FDP08,195.37837
FDU44,163.54245
DRG39,53.014263
FDU32,121.94955
FDY27,178.52286
NCP54,123.063576
NCZ41,126.4813
DRL49,143.54803
FDI05,76.60709
FDY56,226.10667
DRC13,125.23728
NCV29,179.63644
FDR24,89.07387
FDZ34,191.59607
FDP37,126.51286
FDX08,181.20016
FDS57,141.73935
NCG18,102.558846
FDK25,168.4996
FDH53,80.84146
DRI59,222.93068
FDA52,177.15968
FDT20,38.319454
FDE36,162.41782
FDI24,175.09442
FDB28,199.39238
FDV11,176.72592
FDP01,154.2686
FDD34,161.36256
FDJ50,52.191193
FDZ44,118.50921
DRO59,75.54328
DRB48,39.236683
FDR21,175.28235
NCE42,234.14622
FDO23,93.35881
NCE30,213.00479
FDQ22,37.704315
FDY01,115.36987
FDS08,177.60828
FDG28,247.00801
FDQ51,47.986557
FDB05,249.33844
FDO56,116.40458
FDE02,91.71187
FDN45,223.17975
FDS09,48.92571
NCA54,181.35959
FDP09,212.99982
FDC53,98.712776
NCM55,186.83223
FDL09,169.63269
FDA11,93.10802
FDA50,94.45075
FDC23,178.87758
FDE22,158.4475
FDD23,186.85796
NCA29,172.77585
FDK38,146.79485
DRC13,121.66174
NCP43,179.15065
FDX28,99.69894
FDF08,90.211
FDZ33,149.29373
FDD10,178.78722
FDO58,162.42633
FDI50,230.14972
FDO58,165.75339
FDX08,181.25247
NCK17,40.90492
FDF39,262.03253
FDU45,112.06751
NCJ18,117.45766
DRC27,246.23434
DRC25,85.20387
FDU59,160.43968
FDU28,189.62715
NCP30,41.01626
FDB39,55.4152
FDE41,86.39774
DRH11,56.384274
FDA58,235.82494
FDU50,115.35265
FDM34,129.84727
FDM44,102.40318
FDR39,183.78387
FDM25,175.46956
FDQ49,156.47508
DRH25,52.1782
FDM09,170.92717
FDL44,161.38466
NCR42,32.36071
DRL59,52.972927
FDX43,168.46533
DRK47,226.15424
FDU48,131.94785
FDY12,50.360004
NCN43,122.4342
NCM55,184.05176
FDQ21,123.06133
FDX13,250.87231
NCK30,253.59189
FDG20,175.40047
DRG27,40.078007
FDY14,264.3212
FDP59,102.66942
FDU60,169.58142
NCC18,171.99023
DRJ39,218.22166
FDS07,113.57271
FDM08,222.55165
FDP51,120.61472
FDU16,81.815094
FDH12,107.023796
DRE48,196.02626
NCL42,244.11513
FDR21,177.52449
NCW29,131.19296
FDO11,250.8981
NCM31,140.70871
FDV35,155.39426
FDF58,61.909615
NCE43,169.57503
FDA02,144.07376
DRL37,44.484497
FDR24,91.68396
FDW59,82.85921
FDS22,44.684017
FDW24,49.423115
FDU24,94.49655
FDA21,186.34857
FDH58,117.42368
FDW36,103.81121
FDI45,173.09058
FDU01,185.79747
FDF35,109.20976
FDU43,237.20074
FDE24,144.17604
FDK50,162.43349
FDG31,63.063713
FDC60,90.17611
FDL36,90.282585
FDP21,189.5663
FDW16,90.289
FDX02,224.82466
FDQ58,154.2828
FDT51,110.664955
FDD59,78.955925
NCM42,109.07698
FDA57,40.239334
FDZ48,112.063515
FDE46,152.38054
NCZ30,120.689316
FDB56,188.30287
FDA25,105.003105
FDD20,125.23217
FDL25,92.42024
NCO18,177.27315
FDJ45,34.75304
FDR12,170.41959
NCF19,47.367874
FDK25,166.6164
NCR17,114.05971
FDC52,151.67227
NCA54,181.34795
FDR45,239.22772
NCM19,113.50522
FDF39,263.4916
FDX23,96.363945
FDD58,99.68027
FDX28,100.757225
NCD31,162.41866
FDU57,150.87068
FDI27,45.401196
NCM42,108.38913
FDD32,80.78906
FDI34,228.92613
NCM29,129.84592
FDG46,112.54234
DRC01,48.960518
FDB15,263.2742
NCA17,150.34027
FDF10,148.27768
FDR26,178.74957
FDI02,112.06461
NCM54,127.62935
FDF14,150.95343
FDJ33,121.51981
FDM20,246.18967
FDC03,196.01651
NCX05,116.39649
NCM41,91.72434
NCU29,147.94867
FDQ59,83.3227
FDH46,101.478096
FDH09,50.62486
NCD06,46.640785
FDC15,155.65714
DRD37,45.29803
FDT28,149.23753
FDR28,163.61102
FDT38,86.198685
FDV34,75.378174
FDY52,62.877888
FDB34,85.78868
DRL23,105.6786
DRB24,154.28897
FDJ50,53.643063
FDQ49,154.28952
FDP20,124.74499
FDV19,159.25105
NCR54,196.32797
FDO09,261.2963
FDS57,143.28258
FDN10,117.47634
FDV23,125.29217
FDY28,214.20808
DRG51,162.40341
FDD45,93.14853
NCL18,192.87459
NCM29,130.32143
FDF17,196.33725
FDE22,161.36005
FDQ22,37.42189
FDS01,179.65442
FDW35,42.12368
FDJ33,124.12063
NCF54,171.61237
FDE09,109.67893
NCE06,161.40883
DRH49,80.783424
FDY43,170.41928
NCT05,254.78134
FDZ34,191.89304
FDL38,87.12529
FDZ31,190.15903
FDR14,55.71317
NCN54,78.88059
NCC42,139.9416
FDK08,99.84063
FDP59,105.721115
FDV22,156.9584
FDD33,234.15129
DRE60,227.3691
FDK52,227.25374
FDA02,146.32011
FDM56,109.28273
FDE57,141.76653
FDM32,88.8008
NCQ30,121.54879
FDQ27,105.01493
FDT60,124.719055
FDU43,240.20345
NCO55,107.00833
FDG02,190.8793
FDJ28,190.94899
FDP40,111.594864
FDJ38,190.212
NCC54,241.9693
NCZ41,125.26735
FDK38,148.3103
FDU52,155.12233
FDC40,76.45242
NCR30,74.30268
NCN18,111.60893
FDB50,78.75815
FDG04,188.08202
FDR26,177.32776
NCT17,188.45903
FDX35,227.25343
FDS12,127.433426
NCZ29,125.93416
FDB38,161.3944
FDP12,37.17707
FDP22,52.131454
FDS26,261.07385
FDR52,191.85365
DRJ13,161.34465
FDU48,130.99673
FDE29,60.267056
NCT29,121.82812
DRK37,188.7124
FDK55,88.0154
FDR07,96.3041
FDO21,224.85089
FDK46,260.59198
FDB12,104.98674
FDT31,188.82762
FDJ33,124.115135
FDC26,109.66685
NCQ02,188.2216
FDP08,193.88895
FDB11,226.06786
FDV55,146.16293
FDW20,121.570076
NCJ18,120.76215
FDC41,75.483864
FDE14,101.40175
FDG35,175.55882
FDF45,57.693333
FDS19,77.52515
FDS58,159.27599
FDA26,220.499
FDM32,88.06555
FDL45,126.502594
FDZ55,160.0857
FDY37,141.751
FDO46,190.8874
FDQ60,119.60887
FDA19,130.3364
FDL15,154.1743
FDM10,213.00415
NCL05,42.847885
DRK49,41.982227
NCE18,251.62666
FDG40,34.407303
DRI59,222.08626
FDK28,256.54367
NCD06,46.42229
FDO11,250.10886
FDK27,119.51311
FDT43,50.348522
FDD38,102.46561
FDA16,220.05145
FDL14,154.27048
NCM17,43.56358
FDD20,123.839294
FDA40,88.522606
FDL43,77.66442
FDV15,102.90243
FDE52,89.48478
NCL17,143.7255
NCJ31,239.23056
FDR60,78.7776
NCA18,115.69926
FDS21,63.21332
FDW09,78.75494
FDL26,154.29065
FDS47,89.15322
FDC39,206.28671
FDT51,111.16893
FDK40,263.12662
NCG19,235.57335
FDZ07,61.97093
FDF08,89.070595
FDO04,55.398716
FDK41,83.29479
FDP15,255.54573
NCD43,105.01268
NCP18,149.24083
FDZ51,93.12426
DRH13,108.40419
FDF38,40.233124
NCI43,48.99609
FDM38,54.691837
FDS03,64.3944
DRJ47,171.54153
FDT50,97.294556
FDV02,172.61761
NCG18,103.810356
FDW52,164.49342
FDS40,36.068844
FDN31,190.88902
FDA37,123.05062
FDA15,249.85988
FDL39,181.2807
FDJ53,121.94784
FDX22,210.47206
NCZ42,238.83453
FDD56,176.25722
FDD40,193.78923
FDS50,220.47752
NCN14,184.09721
FDT15,183.5334
NCS18,108.37649
NCO26,114.409645
FDF58,61.333115
NCB19,86.385765
FDH26,140.76183
DRB24,152.92601
FDA49,86.38819
FDB32,95.86172
FDI36,196.48079
NCA17,149.28024
FDH22,125.2529
NCM26,153.2517
FDT15,183.53609
FDB16,87.10412
NCP54,123.77656
FDJ36,102.50906
FDO28,119.777725
FDU09,54.629158
FDF29,128.97516
FDY08,140.54564
DRJ59,37.024605
FDT23,79.39678
FDU15,37.895275
FDT47,96.68874
FDI53,162.47118
FDR59,262.35632
FDD53,40.571438
FDY51,220.03143
FDT04,37.94909
FDU51,176.69502
FDG14,151.70209
NCU06,230.76982
DRG25,185.82413
DRH49,83.95125
FDN15,138.3424
FDL43,76.43684
NCT18,182.61807
NCB31,261.02774
FDK57,119.43766
FDY04,162.42679
NCP54,121.670006
FDF41,244.09143
FDM01,102.54208
FDW03,103.91318
FDF28,122.41018
FDY37,141.92639
FDQ03,237.19856
FDP51,119.84671
FDJ40,111.14402
FDC32,93.10154
DRI49,81.7367
NCW54,55.374706
FDF09,37.715664
FDP45,250.90602
DRJ23,187.29962
FDS59,111.1618
FDY08,138.34392
FDX16,147.78017
FDY16,184.78693
FDK32,152.91296
FDQ22,39.35014
NCC31,155.94412
FDG58,153.75154
DRF48,189.18916
DRH36,72.971596
NCR30,75.48866
FDB03,242.30382
FDZ28,126.06811
FDR35,198.42082
DRD15,233.02055
FDJ33,124.1206
FDA56,119.886566
FDP56,48.127327
NCT30,47.977234
FDK15,99.88059
FDH44,146.73782
FDV01,154.75941
DRG03,152.3556
FDG50,89.4598
FDR16,215.18999
FDZ60,107.61364
DRG03,154.27734
FDS56,264.0728
FDU33,45.32958
DRD27,98.71333
FDW22,223.18715
DRA24,163.54451
FDF38,38.93522
FDX48,154.2683
FDS58,161.37227
FDC32,93.10423
NCQ29,261.70444
DRK39,83.87546
NCS38,114.07915
DRO47,112.08872
DRG27,42.417717
FDC57,191.54897
FDS55,146.71455
NCJ06,119.84782
FDO01,129.87825
NCM55,185.80492
FDC52,152.28488
FDQ15,80.599144
NCT30,47.379475
NCR42,32.359684
FDD28,57.71476
FDQ34,105.00648
FDZ12,142.53407
DRE13,86.15439
NCN07,132.9821
FDM28,181.24117
FDI10,171.56027
FDQ25,170.42223
FDA38,241.30034
DRI13,216.54625
FDY20,90.267975
NCZ53,187.31114
NCM31,143.7271
DRB01,189.15663
DRF37,262.0345
NCF42,177.27292
FDF16,149.25465
FDB41,47.946533
FDR34,227.35216
FDR15,155.9362
NCV42,112.0492
FDW51,211.85625
FDU36,97.39131
FDX60,80.77878
FDY03,112.50392
FDW55,248.19633
FDT01,213.01898
FDG58,154.79434
FDK21,249.34363
NCS41,182.58914
FDS10,181.74467
NCT53,164.48338
FDJ28,190.96294
FDX44,88.01863
FDT20,38.562737
FDO44,109.65849
NCX17,235.45717
FDY01,116.396736
FDJ12,209.19345
DRK35,36.71141
FDD47,168.41704
NCM53,106.07545
FDO45,87.126854
NCM42,109.29949
FDE04,179.64305
NCI30,248.05162
FDZ19,175.10185
FDW57,177.42258
FDA25,102.449036
FDT22,59.122158
FDP51,118.518814
FDD48,116.21829
FDY39,182.76315
FDO48,221.81242
FDD23,185.54993
DRN35,36.906715
FDT01,214.13815
FDC20,54.735767
DRJ35,62.052616
FDB32,93.88071
FDL24,173.32219
NCV42,112.50813
FDZ46,109.24536
FDC15,155.92885
FDD08,37.933487
FDY50,88.77819
FDD36,119.38713
FDG57,48.80627
FDL21,40.897556
FDN16,102.41368
FDJ09,45.274563
FDS01,179.34766
FDV33,260.13034
DRE12,113.87716
FDR07,97.30641
FDP48,184.01646
NCB55,57.66714
FDQ08,60.067257
FDR34,230.77141
FDO33,112.14883
FDP13,38.58494
FDX12,242.75258
NCT06,166.602
FDR16,214.19833
FDE36,165.51921
FDZ36,184.76643
FDV13,88.02102
NCZ17,36.264492
FDU56,183.60498
FDM09,170.9401
FDV02,171.77701
FDS34,112.53025
FDA11,95.37449
FDP09,211.82143
FDB29,114.42676
FDT19,172.86275
DRH15,44.168846
FDY38,234.00517
FDF14,151.71645
FDN48,93.09734
FDQ12,230.72847
NCJ43,172.96317
FDE17,152.32301
FDB05,248.98431
FDH10,192.86214
NCR06,40.902363
FDU32,121.54261
FDD56,173.44324
FDO36,181.37895
FDH16,91.686714
FDX10,35.508728
FDZ37,87.9961
FDU31,218.26573
DRC49,141.8994
FDL15,152.34639
FDN32,185.8618
DRH59,74.09722
NCU29,147.72627
FDR37,183.81845
FDS14,156.9426
FDU02,227.30635
FDJ08,192.76764
NCZ06,253.62009
FDO31,81.74187
FDH31,101.23994
FDS58,160.05579
NCA53,48.828987
FDF50,197.41026
NCW42,222.56105
NCQ17,156.06772
FDK51,264.10526
NCW41,157.15039
NCR29,54.751064
FDB08,158.45457
FDA40,85.771324
FDL14,157.71059
FDB47,207.6432
FDO03,228.4979
DRK13,197.42241
FDX13,248.15219
FDF52,182.83336
FDT11,188.43924
FDB08,160.08807
FDQ28,155.93837
FDD29,252.67938
NCQ29,261.71802
NCO02,65.436935
FDR56,196.02072
NCM54,125.25124
FDP51,116.3811
FDT38,84.897385
FDZ20,253.59808
FDJ53,120.662125
FDX13,248.99178
FDP58,220.53041
NCK31,52.06938
FDA35,123.02672
FDV37,198.6813
NCO07,214.168
FDA20,187.31099
FDZ59,168.37715
NCY17,44.690655
FDQ28,153.146
FDV35,154.81398
FDQ36,35.326237
FDD34,163.53522
FDK51,265.14096
FDV31,175.47995
FDR04,95.878235
FDR14,55.575134
DRC36,173.9024
FDE39,120.649185
FDP57,103.80611
FDE57,140.77315
NCN18,111.46529
NCQ05,150.12802
FDW47,119.85517
FDV46,138.25166
NCP29,62.95824
FDE09,110.59493
NCU06,230.11536
FDT19,173.98117
DRF15,152.32982
DRI51,170.3338
NCX54,103.83816
DRE01,241.41867
NCB07,195.3999
FDU50,114.09198
FDG40,34.271347
FDW10,175.48792
FDX51,194.05144
NCP17,63.080986
FDP21,187.77531
FDL04,104.98404
FDV23,123.074234
FDF24,80.80113
FDH56,113.82116
FDB51,61.402676
FDI58,95.16517
FDR20,46.749207
FDC51,123.038666
FDB16,86.21487
FDE40,60.205437
NCM17,43.5844
FDU56,185.4686
FDS32,140.74792
FDX02,224.27603
FDT39,152.93976
FDE35,56.827183
NCI42,210.46982
DRL23,105.74034
FDA10,122.443695
FDA11,95.828674
NCM06,154.82375
NCT05,257.67474
NCQ02,186.36879
NCY06,129.84451
FDY56,224.80371
FDL02,105.01297
NCI06,178.47124
FDQ14,150.14154
FDQ12,228.42378
FDP36,48.793736
FDK21,250.922
FDO40,147.80806
NCK54,117.51462
FDY09,176.73352
NCW30,260.57553
NCC55,36.243782
FDE58,117.42982
FDR39,184.09567
FDU28,187.29147
FDH08,228.46637
FDG35,175.53484
FDG22,35.244133
FDC34,156.76764
FDP15,254.82536
FDK34,239.19266
FDU45,115.68698
FDQ04,39.72086
FDX22,209.26483
FDB45,103.39933
NCH43,217.45372
DRE60,224.31076
FDD17,235.96721
NCM54,127.26704
NCH55,127.42141
NCT06,165.59026
FDA48,221.4964
FDY58,228.47408
FDO25,211.40013
FDN50,95.16193
FDH35,164.56482
FDK09,227.43346
FDO16,81.92961
FDW11,63.348373
FDU47,140.36299
NCQ42,128.54544
FDK55,89.15875
FDN08,116.242455
FDT57,237.22903
FDJ12,207.68326
DRL59,52.163616
NCN53,35.07601
FDO51,43.964153
FDK56,188.41458
FDY12,52.244602
FDU15,36.270878
FDQ19,242.75064
DRF15,154.28075
DRE25,92.332436
FDK57,119.4304
FDD33,231.58841
FDR34,228.67549
FDU04,121.533585
FDE35,60.175087
NCD31,162.44968
FDJ56,99.93995
NCU53,164.66061
FDD39,215.12686
NCU17,103.813255
FDJ20,123.04018
NCW41,156.95712
FDL52,38.191174
FDS39,140.72528
DRJ47,173.88864
FDP13,40.33164
DRK39,82.70346
FDF28,126.26471
FDB09,125.23712
FDM51,99.85572
DRM49,45.263134
DRF23,176.24419
DRH01,172.7634
FDH12,107.20544
FDA28,124.72345
FDW37,90.257416
FDF02,103.75599
DRL37,43.380894
NCF43,141.76985
FDH08,228.50194
FDR34,229.04668
NCK19,195.30603
NCD55,42.368294
FDT27,233.74597
FDQ57,146.7776
FDA47,162.40198
DRG15,63.093826
FDE05,146.06807
FDN46,100.70732
FDX27,92.63096
FDT51,110.48629
FDU33,44.707603
FDJ16,59.235027
FDD20,122.44973
FDT36,33.48548
DRF15,152.36469
FDN52,88.14121
FDC22,191.56123
FDX15,160.40355
FDT13,187.34882
FDU04,121.52214
FDU31,216.56566
FDW59,85.276306
NCO29,165.59608
FDL15,152.30699
FDI41,145.06036
FDQ48,98.67246
DRI39,55.60965
FDI08,250.88205
FDC21,109.673676
FDF58,62.046795
FDS08,178.28967
FDE47,123.05786
NCP18,152.36682
NCR41,96.7084
FDA27,254.2141
FDA43,194.11763
FDA49,86.38859
NCE55,178.40933
DRM49,45.87696
FDF22,214.16039
FDQ15,80.733894
NCS54,175.1158
NCY05,36.440258
FDR45,239.94562
FDK57,121.533615
FDF41,248.19142
FDV21,125.63749
FDD51,45.392773
FDF33,109.613914
FDA38,238.44994
FDR56,196.011
NCN41,121.64264
FDC60,87.98722
FDB47,207.72131
DRH01,175.45079
FDW08,105.01394
FDF38,39.161293
FDY32,162.47015
FDG34,109.46304
FDG47,261.2989
NCF18,190.05547
FDL39,181.35982
NCH55,125.92378
DRJ35,61.370857
FDS44,238.81831
DRE01,241.39064
FDY39,184.09589
FDY32,162.07104
FDR33,111.17454
NCP50,80.76593
FDZ47,98.70187
FDU57,152.32982
FDY44,194.34636
DRH59,73.92429
FDB03,240.15588
FDY46,186.85448
FDM39,177.31857
FDY36,74.35567
NCM55,184.09196
FDJ50,53.059025
DRL60,150.90378
NCJ54,232.06068
FDX59,33.948986
FDI07,199.09036
DRF51,39.827747
FDM14,109.59894
FDP21,187.98647
FDE40,63.082638
FDE05,146.75948
FDM13,132.923
FDC34,156.76784
NCI55,123.06314
NCE43,168.49518
FDW58,107.26228
FDG60,234.13503
FDV31,176.33415
FDR47,194.25542
FDM60,40.57829
NCF06,258.57266
NCN26,117.43145
FDQ59,85.793846
FDF09,36.67972
NCS06,264.77557
FDT44,118.02552
FDI19,244.07866
FDT22,59.974693
NCF54,170.92882
DRG25,185.82289
FDB59,197.2116
FDQ37,194.40913
FDP56,48.012135
FDW44,171.78127
FDJ26,215.1686
FDU43,237.2208
FDW33,105.02116
NCX53,143.32835
FDN56,146.20198
DRF15,152.37057
FDO33,114.425026
FDZ39,103.8356
NCJ19,55.38607
FDU01,184.76111
FDT12,224.11725
NCM18,61.94191
FDP19,129.01027
NCR42,33.12156
FDN10,118.557755
FDG44,54.739044
FDQ10,171.56055
DRH13,105.69715
FDT52,245.14412
FDM56,110.6444
NCO43,101.387665
NCV29,177.28496
NCF06,260.11874
FDO50,91.62758
FDT59,230.08064
FDX40,36.737595
FDE50,186.35675
FDX51,196.95592
NCD30,98.69932
FDK15,100.84473
FDL12,61.387516
FDK46,259.46936
DRH49,80.801476
FDQ57,146.74466
FDY59,93.10107
FDO09,261.6525
NCG30,126.38317
FDM09,168.46513
NCN17,100.90595
NCS42,90.28954
FDD02,117.41614
FDE34,182.56046
FDU38,192.75763
FDB33,157.35065
NCJ29,86.39265
FDZ27,48.00809
FDI40,99.69702
FDG22,37.708153
FDT51,110.6476
FDF20,198.63165
FDV50,121.92929
FDT02,36.26666
DRC49,144.99881
FDF26,152.26408
FDV52,118.52955
FDX59,35.322685
FDV25,222.09059
FDW23,38.560413
FDE53,107.52259
FDA19,130.33722
FDH22,126.10635
NCO41,97.843185
FDX12,241.34949
FDF17,196.99382
FDS11,222.36322
FDR51,150.13898
FDT49,106.05909
FDC56,119.89138
FDR13,116.37987
FDQ60,120.6435
FDN38,248.98854
NCL29,157.7168
FDO13,164.02051
FDE26,144.08505
FDA31,172.81494
FDX14,75.42414
FDA34,173.87578
FDF26,153.08568
FDE38,166.62253
DRI11,113.596725
FDQ60,118.48453
FDL21,39.37626
DRC12,191.89207
FDC47,227.56609
FDE57,139.9638
FDT14,120.642494
NCZ53,189.63045
FDE28,230.16881
FDR19,144.19308
NCF54,173.88939
FDZ08,80.77976
NCJ05,154.27892
FDF59,127.05967
NCO05,100.70287
FDW24,49.46912
NCX42,166.04108
NCA53,47.96795
FDI45,177.26938
FDG46,112.560555
FDM20,242.76242
FDW11,61.97324
FDX08,179.26009
NCK17,40.54473
FDK32,151.58008
NCA42,159.25545
DRI01,170.9443
NCL55,254.21542
DRE25,94.4993
FDD14,183.63069
FDB10,235.59225
DRN11,145.0043
FDP38,50.6932
NCA30,188.6432
FDT15,184.79115
NCP55,56.900036
FDF12,148.26907
FDM21,256.52216
FDX56,206.26819
FDF10,145.07454
FDT32,189.60765
FDM51,101.24222
NCR50,154.30508
FDI19,242.30571
FDX21,107.47861
FDR31,145.08717
FDY02,261.27014
NCA29,170.44206
NCX17,231.6059
FDM12,190.15883
FDI53,160.36661
NCU30,164.12456
FDC56,121.53957
FDK27,123.04652
NCK18,166.617
FDB52,257.64993
DRG25,188.28743
FDZ13,52.165638
FDB57,223.24529
FDR40,82.819565
NCO14,44.677017
NCN19,190.89542
FDQ28,155.09666
FDO13,164.56032
FDK48,77.611336
FDU07,152.3756
FDW20,123.762634
FDV12,98.65383
FDH24,158.30386
FDV59,215.6984
FDK57,119.86054
FDL16,45.384354
NCQ17,155.36565
FDJ15,185.45999
FDX24,93.83696
FDT47,96.277916
FDT10,61.314884
FDZ37,87.980644
FDW43,228.9786
DRN36,95.8342
FDJ14,80.69409
FDA32,217.44595
FDJ38,190.05067
FDQ57,146.64804
NCQ41,193.85167
FDG56,60.063732
DRC13,123.83978
FDV55,144.95514
FDQ49,157.3135
FDE29,60.291954
FDR03,206.27692
FDD45,93.14931
FDN38,249.79242
FDT56,57.67376
FDT48,199.4964
FDU03,181.21446
FDC56,118.630974
NCO43,99.54455
FDQ27,101.51191
FDR03,206.28682
DRH23,53.676617
FDG22,38.14438
NCJ42,103.839355
FDR24,90.27263
FDW60,176.09848
FDJ08,190.0666
DRL59,52.16515
FDG60,233.00243
FDW27,155.92305
FDX14,77.5137
FDC20,56.438416
NCS29,263.69754
FDJ56,100.86314
FDB20,76.82324
FDL28,228.66179
FDW01,151.68272
FDL03,197.41182
FDX22,209.16705
FDJ21,144.95808
FDR31,147.73947
FDG21,151.5845
FDS22,42.36175
FDK08,99.579735
FDE17,151.6807
NCN30,95.82417
FDT50,97.31126
NCX42,163.59834
FDJ12,207.70737
NCA18,117.44176
FDP23,217.43774
FDX12,241.36919
FDN40,153.01059
FDV48,77.77744
NCY54,171.92773
FDL16,46.029816
FDR45,239.98842
FDJ52,161.33073
DRG01,77.501144
FDP52,231.54575
FDU58,186.81201
FDL02,105.67019
FDG28,244.08429
FDA19,128.56627
FDW46,66.97726
NCD43,103.40463
DRG39,52.167126
NCF55,35.499226
FDJ07,118.034645
FDE08,150.11945
FDP56,49.47039
FDT45,53.21285
FDF17,195.37828
FDX44,88.021034
FDM28,179.73096
FDI36,198.22159
FDS07,115.294334
FDD36,117.44414
FDW11,60.225468
FDN40,154.33292
NCQ18,97.84882
NCQ54,166.59894
NCS42,91.71745
DRH39,75.573135
FDC09,103.8108
FDT08,150.84583
FDC08,225.0043
FDT20,37.385563
FDS35,64.45815
FDX58,182.55737
FDW58,105.954994
DRD27,99.57079
FDH32,97.75329
FDS26,262.74994
FDQ31,87.14459
FDP11,219.52928
FDD58,99.56146
FDM33,218.24452
FDZ16,196.01337
NCS29,264.6554
NCM18,60.05065
FDP11,219.47519
NCC42,141.71606
DRM23,172.85802
NCN55,239.23445
FDK46,258.3777
FDR01,198.61172
NCA05,150.3391
NCP43,178.39261
FDR12,170.40607
FDQ01,256.49292
FDM13,131.19827
FDQ19,242.70076
FDK56,185.77686
NCX06,182.71486
FDO56,118.5329
FDU45,112.519356
FDI16,54.927197
FDL32,112.509766
FDA07,123.798386
FDA14,146.77213
FDV46,139.95096
NCO07,212.99965
NCP41,105.90113
FDY60,141.85928
FDN38,250.78918
FDO15,74.34187
FDT60,122.41724
FDA55,224.2812
FDE02,94.57443
DRJ39,220.91267
FDV34,74.34471
FDS20,184.08072
FDF02,102.66032
FDW40,143.43613
NCB43,186.83273
FDR58,90.80885
DRJ59,40.039806
NCD30,98.707954
FDE14,97.82121
FDC28,108.36421
FDU16,84.007256
NCD19,55.646553
FDU21,35.820557
FDV59,217.44493
FDU03,181.85245
FDC33,198.6448
NCR42,34.911716
DRH59,75.40338
NCM31,142.3119
FDS50,222.33064
FDP39,52.16686
FDQ55,116.39059
FDV36,124.76143
FDI05,76.79988
FDS45,107.28705
FDA39,38.761066
FDC37,108.36186
FDJ60,166.58519
DRQ35,122.4315
NCJ06,119.86054
NCY42,144.98476
DRM37,196.38557
FDR14,52.212086
FDE51,44.159992
FDT33,166.60013
FDR08,112.521454
FDE36,162.44266
FDL22,90.27231
FDR44,131.9235
FDI56,89.43487
FDE47,126.472115
FDV27,89.44254
FDV10,41.568935
FDC40,78.74378
NCX41,210.7679
NCQ38,105.01478
FDV12,100.818405
FDE52,88.09038
FDG20,176.68768
FDV16,34.255486
FDI32,114.44173
FDJ32,61.99376
FDN39,169.86534
FDY34,166.99306
FDC14,41.44802
FDA55,224.82812
FDZ50,181.84583
DRG13,165.57454
FDP01,153.14932
NCG54,172.77834
FDM13,131.99406
NCO18,178.76028
NCW41,156.46304
FDM52,148.00478
NCF55,35.015114
FDT09,131.18745
NCM19,110.65351
FDW12,146.65927
FDP15,256.74
FDK36,47.988266
FDZ25,171.70729
NCW06,193.77261
FDW60,178.35663
DRC49,145.10786
NCT17,189.63495
NCN06,164.5811
FDC45,170.94475
DRJ47,171.54895
NCF06,258.56403
FDE21,117.45412
DRG27,40.592464
FDW40,141.77809
NCO53,184.77858
FDE23,44.588047
FDQ16,108.68816
FDS26,259.8507
FDZ13,48.04558
FDS14,156.45284
FDC10,118.53801
FDY16,184.80777
FDJ20,125.91602
FDV43,42.422367
FDZ32,105.94577
FDR23,175.10603
FDN24,52.98805
FDE34,182.81313
FDU31,218.21916
FDW33,107.289734
FDU26,117.420235
FDE20,169.8826
NCW05,105.91917
FDB22,151.69675
FDO56,116.22726
FDA19,129.8506
DRI39,55.685734
FDH52,60.15587
FDZ50,182.76295
NCN42,147.70963
FDB53,148.26434
DRG11,109.0545
DRK11,149.23256
FDQ60,122.39531
FDT36,34.024727
DRG25,185.46454
DRJ23,190.20018
FDG05,158.31216
NCK06,121.60186
FDU52,154.8026
FDW07,88.06728
NCM17,44.697357
FDA22,168.65125
NCA41,194.26308
FDF38,41.64875
FDH52,62.031895
FDY58,226.15242
FDZ16,195.37485
NCM18,61.932846
FDA22,166.75507
NCJ43,176.33406
FDI34,230.75996
FDG56,61.37077
FDS34,115.668365
DRC01,50.367615
FDQ04,39.42981
FDK04,57.671383
FDT51,109.66211
FDV26,196.33643
FDS04,141.01392
FDW43,228.4286
FDQ28,154.24945
NCK06,121.50498
FDS23,130.42221
FDZ36,187.78647
FDE56,62.076057
FDW10,175.12936
NCN14,185.5137
NCQ18,98.18443
FDW08,107.01396
FDU43,235.95976
FDR33,108.341965
FDM24,150.867
NCZ05,102.616776
NCV41,112.49857
FDV11,173.90096
NCY05,37.01801
FDV44,188.64088
FDW32,84.03703
NCU18,143.27097
NCC43,251.59505
FDW19,111.165474
FDN31,191.64508
FDI48,50.659916
FDS24,90.245605
FDF46,115.15478
DRG23,151.73546
FDG14,150.8927
NCY30,179.31451
FDO28,122.0092
DRD24,142.36514
FDI33,90.231125
FDN32,185.54301
FDR16,213.04134
FDF26,153.68758
NCN29,48.835007
FDE20,168.46992
FDA46,192.7065
FDU28,188.09343
FDQ48,99.55635
FDV36,128.16925
FDR14,53.02966
FDP23,216.70374
FDP56,51.227135
FDK48,76.57228
FDR48,152.37546
NCY29,56.907
FDM22,53.215954
DRJ01,162.4093
FDZ43,244.0882
FDV03,154.27136
FDX11,181.72316
NCA41,193.81833
FDE38,166.97408
FDI27,45.424374
FDN32,183.53476
NCN43,121.55714
FDB47,207.6319
FDV03,155.34987
NCN30,98.159065
NCV54,120.65556
FDV07,109.68763
FDP07,198.33792
FDK48,73.155785
FDM15,151.54341
FDY19,117.48366
FDK46,259.61615
FDY11,66.05749
FDH09,52.14746
FDO08,165.69075
FDU14,250.11826
FDD22,113.558235
FDM27,157.32556
FDL02,106.1239
NCA17,147.69142
FDE38,164.56581
NCG07,188.62206
DRC27,247.03831
FDA27,255.34232
FDW40,142.10144
DRI11,115.37422
FDN50,94.4921
FDR12,171.15398
FDT34,105.01474
FDW11,61.409363
NCO30,183.80237
FDZ34,194.25752
FDU45,112.504974
NCD42,37.10788
FDX25,181.69725
NCR29,56.39755
FDX43,168.39241
FDB04,86.39735
FDR49,46.485893
FDS39,141.86485
FDW58,105.94994
FDG22,37.707623
FDG31,62.840553
NCV53,240.20476
DRJ37,150.35628
FDV07,110.39718
FDW52,166.00975
FDT15,184.80228
FDD02,118.49008
FDM16,73.95067
NCE55,175.49118
FDB57,222.07065
FDQ04,43.103214
FDQ47,34.325905
FDY14,263.88782
DRK37,188.53293
FDO25,209.21785
FDL57,260.12274
NCK29,123.789665
FDK46,260.8485
NCB43,185.81718
DRE01,241.39679
FDC46,184.78351
FDQ23,103.8327
FDX38,49.48636
FDG60,235.94359
FDW55,247.02005
FDP39,49.972008
FDB20,78.98816
FDV21,125.93055
FDZ02,96.63887
FDP19,129.01364
FDA38,242.23361
FDH22,126.770706
DRM11,261.72028
FDO12,194.44437
FDT14,119.863235
FDW34,243.91794
FDG04,188.39763
FDW59,84.979385
FDR33,109.02784
FDP32,128.93918
FDL13,233.03598
FDD22,113.600426
FDV40,72.17976
NCD55,41.558598
FDQ20,41.646126
FDD28,57.71506
FDC39,209.06032
NCR17,117.43649
DRO35,116.378
FDF40,249.32898
FDR31,144.99048
NCQ41,195.40886
FDP38,50.04307
NCU54,209.2499
FDG22,34.89023
DRK59,234.16823
FDC37,106.13907
NCO42,146.1595
NCT42,150.35208
FDX27,93.86246
FDV40,74.23496
FDT45,54.624554
FDS47,87.988815
FDR45,238.33347
FDB03,239.91539
FDO49,52.248142
FDU60,166.99417
FDB26,52.17277
FDB46,214.16226
FDQ37,195.42693
FDN03,250.09483
NCX30,248.97156
FDK32,153.26924
DRM47,191.89375
NCO02,67.766426
FDP04,64.41003
NCO43,100.8004
FDD59,80.77142
FDQ10,171.62581
FDW45,148.28822
NCK30,255.55945
FDU31,215.16504
NCQ17,154.82236
FDN01,175.46889
FDZ19,175.11928
DRG37,155.90672
FDE32,37.964745
FDO34,167.03108
FDM04,50.735374
FDZ25,170.92897
FDU08,98.71221
NCW30,258.89023
NCM18,61.361347
FDS22,42.103
NCH18,245.18185
FDC23,178.51659
FDY46,186.353
NCU06,230.10304
FDX57,98.15006
FDX36,224.7834
FDL16,46.69888
FDT16,260.79413
FDN16,102.531845
FDC03,196.02165
DRF60,238.54848
FDS27,195.39638
FDP33,254.80638
FDJ36,100.89325
NCR42,31.944227
FDV14,86.38157
NCP42,195.41176
FDB50,78.96704
NCC30,177.27776
FDA23,101.23835
FDW16,90.841385
FDQ52,248.03825
FDB58,143.54521
NCP29,64.443855
NCM05,264.20407
FDO25,210.77095
NCM54,127.91063
NCL54,173.10695
FDL39,181.32256
FDF53,180.30196
NCQ42,127.90892
FDF58,62.832844
FDZ04,63.35956
FDE26,143.26974
FDS60,179.64066
FDV58,197.30434
FDM04,51.24161
FDE08,146.66032
NCB43,186.82484
FDU11,120.707855
FDF22,212.99886
FDE24,141.70894
DRJ49,131.02121
NCQ53,235.64961
NCL41,35.42464
FDR22,110.71154
FDH04,92.396645
DRH15,43.4601
FDY40,48.89687
NCI17,98.069016
NCC18,173.87987
FDY28,211.79195
FDB45,103.82312
NCL30,126.82455
FDM10,212.99127
FDH22,127.89834
NCZ53,190.06331
NCI18,222.56557
FDH14,142.09123
FDR36,43.624912
FDW01,151.68742
FDK02,119.831985
FDJ02,146.73373
FDU55,260.5069
NCV18,84.942604
FDH14,138.30563
FDZ37,88.74839
FDX49,232.06912
NCD43,105.026794
FDZ07,61.38126
FDK43,126.3058
FDR32,229.05098
FDT39,151.68187
NCV54,119.8645
FDF38,41.630207
FDV60,197.30783
FDH44,145.04092
FDS21,61.37407
NCL41,35.683308
FDM46,93.85581
FDU27,49.962746
NCJ54,233.19437
DRG51,166.02888
NCA29,170.39491
FDR47,194.35957
NCL19,141.87627
DRG01,76.46248
FDG10,57.62826
NCV05,152.93843
NCH18,243.91487
FDV14,86.38608
DRJ23,190.19978
DRJ11,187.31042
FDZ03,185.78761
FDI27,45.968754
FDJ14,81.75287
FDU32,120.65449
FDD47,171.19286
DRF36,190.19493
FDM21,258.37415
FDV10,43.059967
FDH60,194.47949
FDX47,156.24985
FDT19,175.1328
FDO11,250.90634
FDH24,157.67969
FDL02,107.52638
FDB02,176.26505
FDA43,195.40457
FDG52,46.46131
DRC12,189.61426
FDY37,141.93004
NCU18,141.74437
FDU09,56.365128
DRJ25,49.391434
DRE12,113.50021
DRL47,125.23641
DRK01,95.8803
FDC22,191.68048
FDG44,53.033417
FDW04,130.32793
FDK09,227.50185
NCN43,121.97286
FDG04,187.37032
FDH32,94.496925
DRI47,146.06796
DRE15,75.4056
FDY11,67.79746
FDO60,44.583714
FDQ20,41.036655
FDO57,161.34264
FDT14,119.869255
FDA57,40.24808
DRN35,35.842644
FDJ03,50.43511
FDX28,101.23343
DRE25,91.68189
FDR09,260.2946
FDB23,226.16739
FDO08,164.02762
FDQ23,100.90328
FDW04,130.321
DRK13,198.32611
NCL17,142.0303
FDY21,194.48416
FDJ38,189.19995
FDA37,126.475784
FDV43,44.55084
FDL36,91.66912
FDD53,40.963577
FDZ19,176.3306
FDV21,125.93206
NCL54,173.10649
DRI47,144.20316
DRG03,155.93176
FDG21,150.12573
FDW03,105.14298
NCI55,121.554695
DRC36,175.45317
FDH22,128.56729
FDV20,127.882225
NCU41,192.87553
FDN46,103.83771
FDK50,162.03397
NCA05,147.77211
DRH01,173.4552
FDT08,149.26903
FDM08,224.19157
FDZ07,60.213177
FDS22,45.301926
FDV35,156.48439
FDI28,77.78382
FDW58,107.5533
FDT52,245.14603
FDY34,164.14595
FDR10,160.38402
FDK57,120.65248
FDR02,109.368576
FDX49,234.03914
FDQ20,40.29693
DRK23,252.36772
NCW06,191.58148
FDR31,146.29019
NCE43,168.52771
DRO59,76.615906
FDN09,244.93646
FDR11,161.38321
FDO57,162.01964
NCX18,196.52095
FDB05,249.0608
FDQ08,60.20883
NCG43,93.9357
FDJ56,101.54628
FDA13,36.06403
FDO56,116.38694
FDB37,240.25024
FDZ02,96.684975
FDQ24,250.07234
FDM16,74.132324
FDU35,99.57776
FDT35,168.53583
NCX30,248.00052
FDG04,187.2936
FDI12,86.38263
FDE35,60.079514
NCP14,105.94802
NCY53,110.3995
FDP49,55.42077
FDQ04,42.39637
FDM39,178.88795
FDO58,162.40982
FDC56,119.47459
NCQ54,167.04297
FDV10,42.3514
NCK17,40.24908
NCF55,36.442978
FDV33,259.86917
NCH29,96.31354
FDA37,125.253395
FDH46,102.4666
FDS25,110.68391
FDH04,89.4598
FDX52,191.56693
NCD42,37.08651
FDW47,121.91906
FDL25,93.12279
NCJ06,120.633575
FDY09,173.88477
FDS40,37.18924
FDH41,215.1631
FDG38,85.00219
FDU03,180.39429
FDV20,127.88468
DRB13,190.90889
NCQ30,119.8647
NCH06,245.18744
FDU50,112.56403
NCO42,145.07614
FDW09,80.60555
FDH04,90.821655
FDC21,107.5271
FDL21,40.539474
FDM46,93.87427
FDT22,60.206856
FDB28,198.43274
FDI12,88.47411
FDA28,126.26346
FDF59,127.89014
FDM45,122.404144
FDQ56,83.13882
FDR46,146.16393
FDT01,212.976
FDD16,74.378296
NCU30,161.35767
FDM40,143.81691
FDI56,93.099464
NCS30,127.65739
FDU08,98.70095
FDX51,195.36772
FDA43,196.53601
FDX59,33.697952
FDC37,105.98663
FDP58,219.35403
NCY42,142.33875
FDF21,189.64104
FDU10,38.126034
DRL47,124.73325
FDA58,237.23079
FDJ22,192.75352
FDK50,160.3621
FDO38,77.852936
DRF60,239.94919
NCZ42,235.99756
FDD35,118.53554
FDL25,92.67878
FDJ16,57.641304
DRK59,235.52596
FDI50,230.76445
NCB19,87.12205
DRI37,60.00338
FDA14,147.89038
FDC08,227.50404
FDS45,105.01012
FDI21,63.21004
DRJ47,173.90344
DRE37,188.82243
FDT55,158.28827
NCG42,128.98378
FDA31,171.16484
NCW42,222.0973
FDF50,195.39487
FDK56,186.86946
FDX10,36.8769
NCK07,163.5515
FDZ49,222.08307
FDR33,108.61201
FDO44,110.66789
FDA20,186.8621
NCL30,127.88229
FDI05,74.37108
FDQ12,228.47263
FDH47,95.85222
FDH34,185.85298
FDF29,131.18607
FDG40,34.396927
NCE18,248.97768
FDP21,189.18573
FDY50,88.518005
FDB36,129.14998
NCZ29,127.19782
FDU20,118.51816
FDO56,117.48307
FDW31,197.4019
DRH59,74.36347
NCB30,197.34923
FDK43,127.88991
FDW43,228.98654
NCL19,140.76672
FDJ27,99.876045
FDC45,169.9242
FDY40,51.22695
NCM41,91.71276
NCK18,164.51025
FDP37,129.8761
FDA27,255.56216
NCX30,248.00804
FDR09,257.01755
FDG08,172.76724
NCU30,164.47694
FDB16,87.99583
FDM16,73.9273
FDC48,81.68415
NCF18,190.05472
FDU46,87.09307
FDH41,214.21176
NCN42,145.09023
FDU49,88.10914
FDB20,77.83076
FDG50,89.49338
FDW20,121.949814
NCO55,109.19873
FDX48,154.78719
FDU48,132.93037
FDR48,152.42189
FDK27,122.40764
FDT35,166.0109
FDN12,109.66649
NCE31,35.52076
FDL21,40.987003
FDV56,106.99034
FDR16,215.18204
NCP41,108.94516
FDJ27,101.49665
FDA07,122.42761
FDK55,89.08931
FDM33,220.90326
FDY46,186.85489
FDD36,117.444664
FDB12,101.495834
FDF28,125.92053
NCE07,143.447
FDW50,165.57007
NCW18,235.9708
NCJ17,85.34817
DRZ24,119.89399
FDS07,115.169525
NCW05,107.535904
FDZ22,83.16172
FDK02,118.059555
FDZ45,196.53357
FDL25,90.88067
FDS08,175.48651
NCZ42,235.56395
FDX57,97.01574
FDF21,190.0835
FDJ56,98.15268
FDX10,36.409485
DRG48,145.0421
DRN37,167.0614
NCY41,34.878117
FDN28,103.46851
FDE34,181.73761
FDR10,164.03166
FDC32,93.09388
DRG13,164.40828
FDP59,105.02229
NCT53,165.62457
FDL57,257.67606
FDN32,185.49113
FDK09,227.44124
FDA52,178.51149
FDC57,192.8536
FDI09,239.21443
NCB07,198.24638
FDP26,103.42514
FDP40,112.078156
FDL15,151.55835
FDV07,111.263985
FDS03,65.42255
FDE50,185.83458
FDQ15,79.33935
FDQ33,150.3116
FDT22,57.636383
DRO35,117.438255
FDJ41,261.58087
FDQ27,105.03858
FDC26,112.4863
NCF43,143.28142
NCR50,153.17688
FDE39,119.59286
FDN49,40.583794
DRG11,107.310005
NCA18,117.42125
FDM36,171.88324
FDW32,85.778534
NCQ18,98.67167
FDX14,76.44237
FDD46,152.33005
FDI34,232.00249
NCJ17,85.23696
FDB52,257.2584
FDV55,143.75148
FDC57,191.62012
FDB29,115.14752
NCO43,99.83636
FDG44,53.028454
FDJ34,126.481834
FDH40,81.813644
NCD07,112.04812
FDB41,45.899303
FDH47,95.821396
DRK37,189.23479
FDM25,176.71304
NCX06,182.5958
NCS05,132.92383
FDS39,142.10815
FDC47,226.14226
FDG20,178.39551
DRL23,106.043655
FDY33,158.28926
NCH18,243.92548
FDX47,155.38583
NCB06,159.24059
FDP36,49.464417
FDW44,171.91032
NCU41,191.87424
NCS17,96.30468
FDD46,155.62796
FDE45,177.45128
FDI09,238.79637
NCJ54,234.16292
NCA29,171.9141
NCN41,122.41459
FDY34,164.2011
NCG55,116.21019
DRM49,44.466614
NCB42,115.38009
FDE58,116.40046
DRJ25,50.633152
FDS47,87.14723
FDY21,198.34749
NCI54,111.18046
FDO24,158.30562
FDY43,168.52878
FDF35,107.10235
NCP29,63.33738
FDN28,101.51423
FDJ50,52.17357
FDQ14,150.86198
FDC37,108.37531
FDN08,118.56678
FDD04,141.9222
FDW34,243.92908
FDP04,65.473175
NCG07,187.83754
NCN14,184.09181
FDJ16,57.689533
NCM42,108.93887
NCF19,49.432667
FDY21,196.99031
FDY19,116.23458
FDV09,150.10718
FDA28,126.06086
FDC38,132.9742
FDL28,230.14964
NCH43,217.4775
NCN53,33.978085
NCW05,108.32085
NCO30,185.85078
FDT04,37.551167
FDB27,196.50601
NCK07,166.02386
NCA53,48.731308
FDB33,160.20255
FDU37,79.346794
FDR13,115.15744
FDE45,177.61601
FDV37,196.01727
FDX44,90.25722
NCL06,261.506
FDJ28,190.26984
FDX55,218.74731
NCK17,40.526188
FDH52,62.12026
FDN13,100.844604
FDK44,171.77417
FDU16,81.81466
FDZ07,60.052273
NCN06,164.49182
FDH02,90.24862
NCW18,235.56688
FDH57,129.86147
FDV35,155.06044
NCU29,144.98247
NCP02,58.727524
FDN44,161.33997
FDX03,44.089382
FDR11,158.53793
FDA36,184.02228
FDP58,217.45662
FDH31,97.55492
FDH34,187.3408
FDS13,263.601
FDT01,213.01143
FDY09,176.268
FDV33,257.6841
NCW29,128.53831
NCN17,100.84453
FDX01,117.48859
FDL03,196.34583
DRL59,54.653168
DRM11,261.72244
FDA43,196.9891
FDZ56,169.68445
FDI44,77.5793
FDB50,79.22411
FDU15,34.45542
NCJ19,56.79583
FDD48,115.17332
NCW42,221.57086
FDL24,173.8721
NCB30,197.40105
FDK25,168.57288
FDW28,195.38661
FDD47,171.58778
FDK16,93.14748
FDW37,92.40074
FDA48,220.86401
FDA14,146.64369
FDV15,102.46866
FDN22,252.35568
NCD55,41.390465
FDY43,168.34096
NCU05,79.48888
FDF10,147.91135
FDR39,184.03319
FDG40,33.483315
FDZ28,127.20693
FDE02,93.97094
FDU60,168.47052
FDM21,257.2758
FDV52,116.43599
NCW06,191.81769
FDX36,224.89578
FDT35,169.57747
NCL19,142.56345
NCD31,164.56445
FDE53,107.21691
FDW58,106.160355
DRF48,187.36342
FDW57,176.25061
DRH13,107.03624
FDT33,168.33897
DRK47,226.1576
FDY22,143.57138
FDC35,209.0977
FDO03,228.45316
FDF24,81.75019
FDF56,180.39937
FDD28,56.969795
FDG53,141.81773
FDO27,97.82519
NCF54,171.57143
FDC20,54.79605
FDU10,38.261486
DRA24,163.61392
FDA02,144.94344
FDG10,56.831623
FDW39,178.36928
FDP04,64.45409
NCM55,185.45398
FDG47,260.5386
NCU41,191.8924
NCK31,52.10033
FDZ46,109.56416
FDU13,149.24757
NCF19,49.978065
NCJ43,172.6974
NCJ05,153.805
FDS04,138.35431
FDX28,99.83675
FDB41,45.94975
FDG53,141.8955
FDL15,152.90399
FDQ08,61.417797
DRN36,97.03623
FDI46,252.97327
FDG16,214.1626
FDV32,62.89269
FDF44,132.89641
FDK04,56.425335
NCA41,192.85397
FDD51,44.05393
NCZ53,188.56541
FDP01,151.69089
FDY25,181.38312
FDB17,179.7317
NCV54,119.44277
FDJ32,63.084267
FDA37,124.72668
FDG35,172.7116
NCM05,266.31387
FDG45,213.01077
FDH28,39.2662
NCE18,248.98674
FDH38,117.473595
FDR56,198.395
FDH17,96.30432
FDD39,218.22025
FDB41,47.934063
NCR53,224.32805
FDX46,57.64031
FDV28,35.7381
FDA08,165.63356
FDH45,42.400787
NCS38,114.069466
FDD40,193.8136
DRM59,153.31021
NCJ43,175.27188
NCN29,50.00104
NCC19,191.65497
FDR56,196.96838
FDZ43,242.28578
FDJ32,62.892246
DRH03,92.41015
NCZ54,163.61546
FDE26,146.0732
FDS03,63.295082
DRZ24,119.882935
FDO48,220.48006
FDW39,175.11694
NCK05,62.849236
NCK30,254.33736
FDT27,235.52202
FDS08,177.6016
NCJ19,56.32666
FDC58,43.056923
DRE37,188.17923
FDW02,127.104126
FDJ02,148.28824
FDX09,177.26479
FDT31,188.02344
FDI24,177.60579
FDY09,176.28006
FDV28,35.369644
DRM47,191.87701
FDT52,246.33011
FDI48,53.276005
FDY55,256.5384
FDU48,131.1938
FDN25,55.535408
FDP20,127.07765
FDJ15,185.44604
FDD04,140.37526
FDY58,230.13153
FDR37,183.5037
FDF44,129.8273
FDD32,82.78347
FDR57,156.23146
DRG39,54.699028
FDX15,159.23676
DRN37,165.73741
FDW40,141.74701
FDB32,93.87745
FDM40,143.49277
FDE39,120.651535
DRH49,81.827934
FDT46,49.404144
NCF06,257.66678
FDP07,196.31592
FDC04,240.19252
FDZ32,103.40986
FDD50,169.96658
FDU56,184.77664
FDV34,72.104164
NCY41,36.881042
NCK18,165.76083
DRH25,52.179317
FDT57,238.46172
FDV56,106.99731
FDV12,97.28377
FDN52,88.50433
FDX38,48.03518
FDE47,122.399216
NCO07,211.40913
FDV09,150.33731
FDZ23,185.4397
DRH51,88.06653
NCY54,171.95049
DRG49,246.27512
NCC19,192.8817
NCV53,241.38786
FDZ47,100.90594
NCO26,114.446655
NCP02,61.34438
NCW30,259.66693
NCN55,241.38857
FDB20,75.581375
DRL11,156.84464
DRD60,181.74623
FDW14,88.02301
FDL27,66.00275
FDU09,55.48182
DRH36,74.34289
FDP34,156.47763
FDE04,178.40045
FDZ57,130.32047
FDF02,103.775665
FDG28,245.17816
NCI31,35.11512
FDT43,51.22305
FDU20,121.537
FDD53,42.88328
FDW15,149.21716
NCT53,162.33649
NCG55,114.44372
FDD48,114.45571
FDG47,263.59616
FDI21,63.187325
FDT27,234.16052
DRO35,116.39807
FDD33,233.26532
FDC04,242.75339
FDY34,164.00635
DRJ49,128.15564
FDE05,143.77818
FDU31,219.34401
NCN19,188.2747
FDK56,185.46953
FDK58,103.4108
NCJ42,102.57799
FDZ34,191.88258
FDA52,175.45558
NCR29,55.641163
FDT48,200.91913
DRJ51,229.00163
NCS54,177.5335
FDV01,154.76976
DRG51,163.53708
NCG42,131.94019
FDA51,115.37019
FDV19,160.11841
NCT18,181.85008
NCS41,184.76988
FDO03,228.47197
FDL12,62.014515
FDY37,143.57626
FDI58,92.427185
FDT28,149.22052
NCC42,138.33829
FDO01,129.81953
FDJ02,146.64885
FDQ04,42.182377
DRL47,125.93651
FDZ32,107.018654
FDC35,207.82043
FDX14,73.05198
FDZ35,103.76302
FDL14,155.34697
FDO04,54.791275
DRK11,150.31319
FDB44,210.77075
FDZ50,184.7545
FDI12,88.732414
FDU43,237.22481
FDD58,98.169205
FDB27,195.40977
FDB04,86.15086
NCO17,118.524956
FDL12,57.68919
DRJ13,160.35152
FDD57,97.01715
FDW19,111.17312
DRD27,99.87291
FDH27,145.02391
NCW30,260.1633
FDR40,79.53941
FDG05,156.7693
NCY41,35.29993
FDI38,206.30789
FDR20,43.141216
FDE09,109.21487
FDN50,95.19635
DRF27,152.36789
DRF51,37.779293
NCO02,67.679276
FDB51,62.01945
FDJ50,53.01884
FDN52,85.24103
FDX14,76.62936
FDT27,235.76472
FDV10,40.99466
FDU33,44.720932
FDU58,185.82346
NCP42,194.48555
FDL51,213.0818
DRH15,45.374893
FDU16,85.75046
FDW15,149.23656
FDQ44,122.43804
NCI06,179.7144
DRK23,253.00703
FDC28,109.61753
NCY17,42.888523
NCV05,153.77858
FDM34,132.91318
DRD60,182.77745
FDT38,86.37791
FDQ57,145.00262
FDE59,35.631622
NCM43,163.62604
DRI51,171.16393
NCG30,125.20679
NCK54,115.17439
FDQ16,109.610634
FDI36,197.16464
FDX16,148.30728
FDA34,173.86337
FDJ48,247.99231
FDU47,138.31998
FDS39,143.22318
FDD11,251.69579
FDM16,73.946106
FDU56,182.80762
FDQ32,122.38502
DRK35,39.393463
FDA58,234.14494
DRG48,143.80351
FDT59,231.89565
FDQ31,89.45853
FDS51,63.204777
FDW32,87.11025
FDI15,264.49728
NCV30,62.040703
DRG25,187.6101
FDT02,33.32385
FDO33,114.04052
FDP38,51.242588
FDZ45,198.22546
NCA54,180.35927
FDU33,45.325504
FDN58,233.7348
FDI05,75.43332
FDM57,82.74856
NCS42,89.45977
FDB57,221.80634
FDC03,196.05252
FDZ58,120.65516
NCK29,124.704506
NCR53,224.97624
FDE26,145.07614
FDU52,154.81454
FDE41,83.90883
FDU38,190.06819
FDA52,176.27328
FDW46,65.520584
DRI59,224.94112
FDT38,85.27907
FDL33,197.01804
FDQ01,252.94646
FDJ08,190.90247
FDQ47,35.881428
NCZ18,252.35962
FDE29,60.250004
FDF10,146.72047
FDC48,83.25846
FDY58,228.92816
NCX30,247.99806
FDV11,176.72005
FDT46,49.422745
DRD01,55.6
FDQ11,256.5828
NCM41,92.39568
NCC55,36.459366
FDG45,214.22305
NCQ54,167.04205
FDM34,129.83885
FDD17,238.23514
FDN38,250.1085
FDB53,148.27069
NCL06,262.37466
NCV18,82.816154
FDX25,182.55469
FDB39,55.42965
FDC33,197.23856
NCO14,44.493042
FDA58,237.23965
NCQ02,186.36768
NCR53,227.30484
FDN52,88.10837
FDG26,256.59027
FDE23,46.63137
DRI37,59.12893
DRH37,166.02367
FDO01,127.67168
FDK45,113.82653
FDP23,217.47845
FDM33,220.03598
FDD36,119.81484
FDL56,85.25756
FDT27,235.81343
FDG52,44.147243
NCL42,243.94392
DRJ24,185.80086
FDV38,52.972183
FDT35,169.88107
FDY51,219.33794
FDC37,105.72261
NCP43,181.72876
FDO33,112.144226
FDW04,131.00859
NCC31,155.10948
FDK22,216.53003
FDJ50,54.699333
FDV13,89.07534
DRL60,151.7385
FDW03,103.87519
FDY27,177.59703
FDB39,54.66786
FDU59,162.46906
FDZ57,129.20953
FDO21,224.96347
FDS43,187.84892
FDU28,189.2257
FDC51,121.8675
FDW16,92.4045
FDP32,125.82632
FDB60,195.38258
NCQ30,119.87243
FDD26,184.80655
FDI44,77.4841
DRH23,56.38623
FDO44,109.67502
FDG04,187.37541
FDM32,91.679794
FDM09,169.64577
FDZ47,98.71097
FDM40,143.2727
FDY48,101.384254
NCM30,42.33856
FDX36,226.07745
DRF03,39.125637
FDN51,259.86755
FDM57,84.86899
FDB35,93.82356
FDY13,77.78209
FDA37,125.92338
NCX53,142.09123
FDD59,80.76213
FDX10,36.703575
FDC03,195.41664
FDW43,226.07915
FDW10,176.3121
FDY14,262.9062
FDV43,45.355015
FDO40,150.33975
FDP46,90.847725
NCE43,168.5533
FDD05,119.85867
FDJ60,165.9942
DRE27,95.89096
FDO11,250.90935
DRG11,107.51776
FDK33,215.19498
DRM23,170.42653
FDJ02,146.17067
NCZ05,103.77319
NCL30,126.333496
FDZ19,173.94391
FDM45,120.66871
FDO36,178.70526
NCK31,50.62913
DRJ37,153.2864
FDP24,119.876335
FDF46,115.1581
FDX46,58.722702
NCL18,193.82574
FDJ26,212.97073
FDJ07,115.140015
FDY15,155.08823
DRG01,74.354904
FDF58,65.435425
FDZ14,121.53001
FDP31,65.57809
FDH45,42.42353
FDA09,178.47559
FDW31,198.63744
FDA57,41.401913
NCE55,176.74725
FDC17,213.03694
FDC59,64.354294
FDA22,168.4933
FDK52,224.90016
NCM26,152.9447
NCT53,166.5137
FDW45,149.23941
NCI18,222.57451
FDE38,164.03923
FDF08,89.18322
FDY58,230.11365
FDF58,63.31838
FDX39,210.41203
FDB44,210.74596
FDF28,126.06056
FDE39,117.407875
FDT37,252.93936
FDZ45,199.08525
FDO40,150.91994
FDM57,85.28139
DRG36,171.68146
FDY36,71.29371
DRL60,151.68227
FDS25,110.70289
DRF49,112.08055
FDP16,245.18723
FDS60,181.38663
FDU15,37.89891
FDK43,126.84981
FDN25,58.805218
FDE53,105.02141
FDB22,155.9397
FDE39,119.57892
FDX35,227.27675
NCG54,169.79233
FDH27,146.06749
NCK42,215.4261
FDS25,108.9081
FDI10,172.64763
FDU35,100.799835
FDI04,199.06921
DRK23,251.6918
FDB53,148.37968
FDY02,261.7036
FDM60,40.293804
NCJ31,239.96643
DRP35,126.57492
NCQ30,122.41444
DRL11,158.45174
FDU01,184.7742
FDR39,180.39813
FDO08,165.7379
FDC02,261.071
NCZ29,127.43648
FDF29,131.032
FDZ23,187.26836
NCU53,164.69098
NCW30,258.05414
NCM26,154.28246
FDV50,122.4087
FDW15,146.64178
FDI35,182.69623
FDO11,248.96974
FDN48,92.53176
NCA17,150.10486
NCN54,79.21923
FDP22,49.959934
NCB54,126.301445
FDD08,37.768406
DRM48,36.079693
FDG41,110.419815
FDE44,48.8025
FDE26,144.12512
NCS38,113.5922
NCJ54,230.77763
FDI40,98.73309
FDN45,224.29605
FDU43,239.93303
FDI04,197.32237
NCC07,105.02034
NCC07,105.04911
NCD18,231.57341
FDU55,258.54688
FDX59,35.322277
FDR52,190.87492
NCP17,63.194088
FDQ32,122.39819
NCT17,187.99968
FDO10,57.639606
FDE32,36.502144
FDN44,158.31683
FDH02,88.96331
FDK60,98.65169
FDS24,86.37413
FDL03,198.3685
FDB46,212.9956
FDO48,222.54338
FDZ39,103.42654
FDT02,35.156685
FDC50,95.17994
FDP39,51.182297
DRG15,60.098614
FDP10,103.78328
FDF53,181.7827
FDN34,170.42296
FDK02,120.67742
FDC23,176.33958
FDJ10,140.3338
FDE53,107.227325
FDR25,266.56696
FDW50,165.6932
FDS09,51.16493
FDW49,178.41219
FDU51,178.73508
FDF28,126.06237
NCY30,179.70525
FDD44,259.31415
FDX09,177.31593
NCF30,125.90951
FDZ50,185.47086
FDW37,89.12172
FDD11,254.35086
DRH39,75.511284
FDA36,184.02425
NCG43,92.42019
FDF02,103.7506
FDP57,101.502785
NCE42,231.8696
NCR38,252.87796
FDP03,125.226
FDO51,42.361748
NCQ42,128.56798
NCM41,90.84811
FDH48,84.97043
DRF60,235.97969
FDJ27,101.39438
FDQ14,150.86665
FDN27,118.4826
NCQ02,188.66235
FDJ33,124.71837
FDP07,196.03563
DRE01,241.41
FDU36,99.838104
FDL28,228.66936
NCX53,140.77655
FDZ39,103.81858
NCP42,195.39838
FDJ14,80.79386
FDK04,55.369854
NCC19,194.46599
FDS09,52.106865
FDZ02,99.65646
FDD35,121.535904
NCY42,144.11397
FDB05,246.99388
FDF20,195.38988
NCO41,97.31267
FDC40,79.387566
FDV58,197.23305
FDZ57,129.86145
DRM35,179.34084
DRN36,94.49385
FDQ13,83.95141
DRO35,115.371506
NCD43,103.83365
FDA51,114.01815
NCX17,233.04958
NCZ17,39.37123
FDR11,159.2719
FDW34,242.76924
FDN50,92.62893
FDS09,50.289257
FDS48,150.90694
FDL44,162.44206
DRF48,187.67706
FDA14,147.9001
NCD30,96.38534
FDI16,51.2492
NCG06,258.55234
DRZ24,120.66693
NCS17,95.16041
FDB37,241.33914
FDE10,130.34016
FDC57,191.61848
FDM12,187.95404
FDE24,140.50854
FDW22,219.54993
DRD01,53.21299
NCZ18,253.63612
FDN49,40.97924
FDR22,113.600426
FDV08,43.668365
FDY39,185.44098
FDV36,125.635574
FDO60,45.394554
FDU04,122.41373
FDR20,46.73775
FDW19,110.5586
FDU40,194.27985
FDK15,97.74357
DRF15,151.7216
FDQ25,173.89221
FDI48,53.00417
FDS49,76.833595
FDV22,157.72179
NCV42,109.31916
FDX26,184.09071
FDI33,89.438576
FDZ14,121.521614
FDG10,56.331932
FDM38,50.71733
FDG26,256.02563
FDH46,101.51986
FDN13,99.83307
FDU57,150.1049
NCI06,179.63882
FDM38,53.015625
NCG42,128.96251
FDL39,179.70155
FDT31,190.9929
FDV59,217.4312
FDB49,100.82389
FDD58,101.40356
DRN59,45.318275
FDX48,153.26393
FDQ11,255.3834
FDY12,52.244522
FDQ11,256.5997
DRI11,115.9299
FDY32,163.5452
FDS51,60.17884
FDR19,144.24628
DRB13,189.66368
FDS21,62.075512
FDQ40,176.2736
NCE55,176.28932
FDX43,165.57497
FDS12,125.95009
DRK01,94.49944
FDN25,55.42091
FDB60,195.31157
FDQ13,83.89644
DRK13,196.9141
DRF25,35.409584
NCD42,39.20262
FDW25,84.84071
NCV29,179.6606
NCK42,214.22522
DRJ13,158.44609
DRD15,232.0524
FDM27,156.46823
FDZ50,184.74713
FDC04,242.30745
FDF50,196.04788
FDP15,257.6551
FDK46,258.9253
FDZ56,168.45064
FDY60,143.54243
FDB10,237.22423
FDR57,155.65242
FDU58,186.8328
FDH02,88.71786
FDP48,182.55936
FDI46,251.69077
FDW56,192.90305
NCM19,112.07297
FDS50,221.25005
FDK24,44.56141
FDO36,180.39864
FDK45,115.1607
NCL05,44.50054
FDL32,113.53536
FDA28,125.910225
FDY36,74.25614
FDP32,127.31172
FDL50,123.058304
DRC24,151.70883
NCS18,107.28524
FDD16,75.42968
NCV18,84.95713
FDX07,183.99068
NCZ05,103.820786
NCI31,36.6865
FDK14,83.28491
NCR06,42.878
NCF54,173.27415
DRG23,150.9048
FDD53,43.577248
NCM31,139.94057
FDT16,261.67123
FDR40,79.26726
DRG25,184.75365
FDT10,60.154568
FDY32,163.64264
FDN50,93.13348
FDZ35,105.03982
NCP54,121.95849
NCD07,112.09345
FDS02,196.98805
DRN59,47.96225
DRB24,155.65591
FDP37,126.509674
DRB01,190.20627
FDR47,196.02638
NCM31,141.85716
NCF06,258.92386
NCV17,129.85863
FDS10,178.75157
FDN52,87.15171
FDZ48,113.55736
FDJ48,248.14877
DRB13,190.19635
FDV59,216.73454
FDL32,111.468544
FDZ12,142.07997
NCR06,41.377712
FDP51,119.57887
FDY22,142.40608
FDZ38,170.95921
NCO54,54.673927
FDR23,175.11859
FDM38,54.715855
FDS25,112.46612
FDZ22,83.94038
FDZ20,254.82495
FDD45,95.476746
FDN03,248.96512
NCW30,258.54092
FDY24,55.71339
FDJ26,211.75516
FDM15,152.3331
NCW54,57.62104
FDA23,100.826164
FDA39,39.724186
FDZ12,144.1454
NCB42,115.94255
FDL16,46.7038
FDO24,160.36588
NCP42,192.88776
FDR19,146.76913
DRL01,233.74782
FDV37,199.07776
FDI41,146.75827
FDF58,62.83653
NCF43,141.89984
FDN02,206.23892
NCP41,107.53111
NCY17,45.91182
FDL58,265.16852
NCA30,187.99586
FDE46,150.87585
FDY38,231.57716
NCH29,96.316315
FDO20,254.1832
FDP44,102.61229
FDM02,89.15982
FDJ14,79.525635
FDH04,89.09182
DRK23,253.05324
NCW05,107.08078
FDF12,146.69359
FDL51,212.98953
FDN03,249.36476
DRJ37,150.34673
FDM12,188.61485
FDA16,221.82762
NCB07,196.53047
NCI17,97.32294
FDR51,149.26888
FDJ55,224.9878
NCZ17,38.798077
FDU25,59.263863
NCG18,103.83694
DRM11,259.55646
FDH16,91.686714
FDZ04,61.986664
NCX53,142.19907
FDX38,48.029816
FDX09,177.26967
NCW05,107.48995
NCS41,184.76926
FDI26,177.61548
NCZ41,125.958786
NCK06,122.41823
FDX23,96.369576
NCA42,157.72046
FDC20,53.64526
DRC49,143.80565
FDX01,117.4133
FDC08,226.12968
FDC02,258.85013
FDK10,179.16548
DRC24,153.15965
FDW16,92.55588
NCU06,228.91945
DRA59,184.11063
FDR24,90.270096
DRL35,43.08692
FDA49,86.384575
NCC55,36.658398
DRD24,143.4136
NCE55,176.7333
FDT33,168.47049
NCT53,164.04488
FDS26,260.11984
FDL22,91.66072
FDP44,104.94461
FDC52,149.26302
FDI53,160.44942
FDZ23,187.27405
NCT18,182.69313
FDR13,116.400955
FDB09,125.118065
FDZ60,109.00596
FDB11,226.04976
FDC10,119.83003
FDW56,193.8448
FDK14,83.91485
DRE27,96.31807
FDA38,240.27617
FDT11,188.6548
FDP15,257.01706
FDV27,88.01032
FDS36,108.91458
FDY40,48.008503
NCF19,50.29395
FDF53,182.46263
FDS14,156.4603
FDE56,63.350765
FDZ19,177.62625
FDZ46,112.16218
FDR16,213.0521
FDG29,42.144733
NCE30,214.19554
FDZ40,53.030315
FDG58,155.36426
DRH03,95.16323
FDZ47,99.55747
FDV04,157.68336
FDZ10,126.27768
FDG46,113.58835
NCF07,99.581604
FDY44,194.47415
FDB21,242.33276
FDS20,182.6037
FDS49,79.51461
FDX55,219.48604
NCQ02,186.88156
FDR25,264.69815
DRG39,53.642353
FDB46,213.09207
NCC30,179.19012
FDE58,119.74028
FDC05,198.67227
FDY15,157.11479
FDG14,150.09593
FDL08,243.91881
FDQ47,33.895786
FDN12,109.66657
FDW10,178.37024
FDD02,117.45617
FDX35,229.03685
FDT35,169.72284
DRN47,181.33707
FDB11,226.03247
FDN20,168.36539
FDB59,199.5072
FDJ58,172.9252
FDU60,168.49783
FDS03,66.00827
FDU40,193.84937
DRH15,45.972073
FDD04,143.76782
FDQ01,253.62535
FDF28,124.73053
FDD22,112.53728
FDY19,117.49885
FDN33,93.13836
FDV36,126.290634
FDW01,152.35765
FDJ28,192.79988
FDB17,179.20555
FDM40,140.63498
FDV46,139.9754
FDQ44,119.61127
NCD42,37.11233
DRH37,164.03548
FDR10,163.5681
NCD06,46.413322
FDI53,161.37181
FDG16,216.52852
DRB25,107.236725
FDY09,175.20213
FDX48,153.1553
FDC03,196.34398
FDT47,95.84669
FDW44,170.93312
FDT24,75.55169
FDT12,227.45639
NCS38,113.62041
FDO39,182.79538
FDA13,38.838596
FDO48,220.9009
DRJ01,159.19412
FDD53,40.044807
NCT05,256.02173
FDQ51,45.362427
FDU60,167.03754
FDC59,62.833378
FDP36,52.22899
NCM19,111.461006
FDL16,44.660328
FDE50,188.23749
NCR18,44.508434
NCD30,97.75872
FDH31,99.874985
FDD56,173.47754
FDC47,230.14008
FDZ21,94.50893
FDM01,102.58024
FDF24,82.92129
FDW23,38.835648
FDY52,61.42088
DRH37,163.56042
DRO47,113.57666
FDR25,266.57178
FDQ24,250.87563
DRJ51,230.73419
NCU06,230.12221
NCV18,81.7581
NCC06,127.62471
FDZ01,103.8008
FDT14,120.572815
FDD11,252.35237
FDN09,243.90572
NCO18,177.62994
FDZ50,183.62636
FDS44,239.93169
FDI36,197.37485
FDA26,218.25578
NCY53,112.53194
FDF32,199.3001
FDF59,126.31414
FDB20,76.46674
DRH11,56.9603
FDT03,185.85799
NCH06,245.18228
FDR55,187.84134
FDI10,171.64641
FDZ12,140.74539
FDM12,187.80434
DRB25,107.517044
NCS41,182.75871
NCT53,162.33698
NCD55,40.028133
FDY08,141.75392
NCP55,54.602978
FDA33,147.89001
FDQ33,148.25826
FDE45,179.63528
FDT26,120.63997
NCV53,238.82437
FDK60,97.72241
NCJ29,83.3443
FDI15,265.18494
FDX21,110.5838
FDV49,263.38892
DRO59,76.804214
FDZ14,122.42225
FDP32,126.076935
FDC33,198.67532
FDT14,121.704765
NCN54,78.748566
FDR57,155.36139
DRK12,32.3646
FDX52,194.48445
FDX08,179.35127
FDP10,105.90973
NCP50,78.88673
NCL06,259.87558
FDP25,219.3992
FDE53,105.010956
FDL27,66.930046
FDC35,208.21799
DRJ47,171.16348
FDD16,75.57958
NCN42,146.74515
FDC38,132.92155
NCO07,211.80048
FDQ20,38.58582
FDI32,113.594986
FDN20,170.4414
DRJ51,229.00676
FDU08,97.74873
DRN37,167.03078
FDD05,121.87424
FDW15,148.25302
FDI52,124.098045
DRM11,261.68097
NCO06,32.018448
FDU38,190.19803
FDU59,161.43347
FDJ10,138.33165
FDM13,132.94019
NCJ30,168.38531
FDM45,121.8795
FDP36,50.041775
NCD30,97.3484
FDN48,93.81704
FDY32,161.37743
FDU47,141.7224
FDF17,198.3486
FDP34,156.95648
FDA47,163.59917
DRD27,98.697014
FDW38,53.651093
FDZ15,119.88889
FDZ03,187.28227
NCN19,188.814
FDG02,190.1797
FDS31,182.59064
FDW43,228.49324
FDZ47,99.866
FDO57,161.29073
NCL07,39.092728
NCV42,110.66418
FDP40,112.43078
FDP48,184.77979
FDH21,160.40215
NCP02,59.97814
FDK24,45.943836
FDC41,75.3949
FDF08,86.12626
FDO49,52.19069
FDS56,260.83044
FDX46,60.174393
FDQ07,220.49146
FDC32,92.40158
FDT21,248.03104
FDG58,155.10597
FDW14,85.78186
DRA12,139.95459
FDV27,88.48844
DRD25,112.497055
DRF48,186.34558
FDX24,92.613
DRJ51,230.08179
FDE45,179.74458
FDE14,101.245514
FDG53,138.24136
FDT08,149.22374
DRC27,247.00124
FDG20,176.68321
FDC21,108.369705
FDV31,177.2843
FDB58,140.75078
FDV23,124.745834
FDA25,102.664474
FDC15,158.45247
FDU47,138.31894
FDE23,46.674347
FDS08,177.27985
FDW03,103.816795
FDJ60,163.5328
FDM34,129.20413
FDW33,105.6924
FDZ40,54.667057
FDE33,80.682816
NCC06,127.65506
FDU11,119.49399
FDL44,162.42969
NCZ29,127.20516
FDG28,244.93541
FDL12,59.27049
FDD52,108.92775
FDO15,72.11463
NCN29,48.971664
FDW36,107.53717
FDB21,239.9538
FDZ28,128.99393
FDY10,114.4334
DRG39,53.007206
FDN28,102.70838
FDV15,103.86716
DRI13,217.47801
FDH20,96.30804
FDY51,220.50131
FDE16,207.6952
FDX40,37.12234
FDC48,80.56635
FDS14,155.92523
FDX56,209.06807
FDI10,171.14687
FDI14,142.27496
DRM48,35.81165
NCH07,158.45859
FDY26,210.74219
FDD02,118.52876
FDM12,188.0718
DRF01,145.01605
FDV36,126.499626
DRI59,223.22098
FDV03,156.45708
FDO39,182.75854
NCB07,197.40266
FDH38,115.93127
FDZ13,49.470615
NCZ30,122.42109
NCA06,35.465992
FDB04,86.394714
FDN50,93.090515
NCG06,256.56207
NCY17,44.67659
FDC23,178.76488
FDK33,213.01656
FDR03,208.20195
FDZ07,63.123882
FDO38,78.74763
FDS59,108.36317
DRM11,260.099
FDX52,194.36151
DRJ35,59.216408
NCP53,239.243
FDW15,149.22572
DRI47,143.78436
DRZ11,123.104095
FDS02,196.35635
DRD49,238.30446
FDW38,52.25199
FDR21,178.37988
FDE40,63.320793
FDI02,110.61486
FDQ04,39.421772
FDY14,265.27844
NCT54,96.75241
DRD25,112.02845
DRE01,242.00314
FDJ12,209.12517
NCZ05,103.74588
DRB25,108.922134
NCC31,157.13092
FDM16,75.43006
DRG11,105.96344
FDV24,148.25182
FDV43,44.547676
FDG05,155.10913
FDV23,123.86013
FDI58,92.41589
FDQ11,258.055
FDC05,197.3321
FDF40,247.96486
FDU02,227.48378
FDT32,186.33823
NCF06,261.00598
FDT46,51.176716
FDR58,91.64376
FDY04,162.34941
FDT58,166.88597
FDE46,152.35103
DRH11,56.400574
DRI51,171.13153
FDC35,204.82878
FDP45,252.35757
FDC45,169.63304
FDU01,184.05693
FDJ53,120.68893
FDJ46,173.47694
FDX07,184.78201
NCI30,248.03267
FDE47,123.84402
FDV48,77.83374
FDN16,102.63677
FDM52,146.17287
FDA32,217.45204
FDH05,231.6562
FDW25,87.12444
FDQ09,114.02743
NCM17,45.918415
DRM59,154.3165
FDV47,83.881516
DRE15,74.238625
FDS25,108.966156
NCZ05,104.961464
NCV05,154.7919
DRM37,196.51443
FDV58,194.26385
FDN22,252.70987
NCO06,32.414238
FDT56,59.305332
FDM02,88.07741
FDA09,180.34906
NCC06,126.53723
NCL54,176.25247
NCB55,59.208942
FDB12,105.037895
NCA54,178.86844
NCS38,115.965
FDC02,259.61154
FDK44,173.91931
FDE16,207.59319
NCS05,131.98944
FDZ59,166.87253
FDI20,213.01677
FDQ14,150.87744
FDF53,181.28148
FDW25,84.94027
NCQ43,108.39179
FDX52,191.87886
FDE28,228.50108
FDN15,138.31729
FDO28,119.460754
FDQ33,150.9371
FDM22,54.59917
FDJ03,48.77335
FDI16,53.617397
FDI09,240.33151
FDX55,218.21748
FDS23,128.19566
DRC12,191.6514
FDH41,215.71323
FDN01,175.10738
FDV55,143.75815
NCJ19,56.37754
NCY29,55.68346
FDP03,122.49651
FDZ52,110.51267
FDH31,101.27761
FDQ19,241.40005
FDS15,105.90818
FDN32,182.64395
FDH32,98.68902
FDF33,109.50717
FDJ22,190.19174
FDG56,62.889076
FDC05,196.02638
FDK09,227.44084
NCV29,176.73384
NCC43,250.88992
NCA42,156.76256
FDC10,118.50828
FDC16,87.98811
NCL17,140.49829
FDA51,114.43357
FDW01,152.34673
NCF30,127.86912
FDN49,42.07333
FDY20,90.23094
FDC15,156.46071
FDY24,53.3494
NCG43,94.487595
FDA48,222.86592
NCF55,36.69848
FDL38,89.45932
NCQ29,258.5737
FDC34,156.75584
FDP36,52.14862
FDN50,93.870255
FDO23,94.75335
FDT56,58.744217
FDT13,188.61462
FDZ03,187.58832
FDQ03,235.5158
FDU44,161.36076
FDD03,230.72995
NCH30,112.14822
FDS60,179.71011
FDG08,171.61868
FDX38,47.441826
FDD22,113.58429
FDW51,211.41563
FDL09,169.67331
FDZ60,108.39859
NCH07,159.25656
NCQ41,197.02666
FDW04,128.18192
FDI08,249.00244
FDR19,147.82191
FDV13,86.182625
FDB52,256.5652
FDZ48,111.61926
NCO14,45.898857
FDZ50,184.73495
FDN27,117.39209
FDQ60,121.91982
FDR49,46.497906
DRJ35,62.06244
DRI49,81.81063
FDB47,210.4477
FDP37,126.624794
FDR26,176.28253
FDY31,146.0689
FDC11,89.46737
DRP47,250.15213
NCY54,171.16718
FDR27,132.88055
FDQ21,123.08424
NCQ29,262.03976
FDJ02,146.7982
FDE21,114.04001
FDM39,178.39893
FDZ01,101.48685
NCB19,86.18116
FDU03,181.72218
FDP27,187.84084
DRF01,145.0824
FDM03,107.491905
FDV01,155.91696
FDS16,146.1536
FDO45,89.16817
NCX06,181.24889
FDP13,38.946587
NCR38,252.33447
FDA01,57.677612
FDT26,118.03211
FDD44,258.36716
FDB26,53.640312
FDP45,250.13322
NCP55,56.40829
FDT23,77.722946
FDO51,41.374165
FDA44,56.97446
NCJ31,239.97299
FDX37,99.53848
NCD18,229.06088
FDN40,154.27554
FDL33,194.44048
DRF48,188.49702
FDW08,105.04478
FDX39,212.98122
FDB38,161.35526
FDY46,185.82193
NCB06,158.43246
FDA34,172.82689
FDA35,120.620186
FDQ07,219.33461
FDU32,121.95742
FDU26,121.50742
FDU13,146.66072
FDO09,263.63593
FDW03,102.69475
FDB38,160.3691
FDL26,154.78003
NCN43,123.79629
FDH08,231.5935
NCC31,157.75142
FDH14,139.91441
FDL40,98.15957
FDD20,123.05296
NCV53,240.33775
FDD16,73.972984
FDP24,119.87392
FDQ25,172.9734
FDM38,53.041954
NCT18,179.6237
FDM34,132.90616
DRH37,166.58449
NCE07,143.48212
FDG12,118.45925
FDB59,198.43724
FDS10,179.13303
FDN21,161.39247
FDM02,88.49366
FDO44,112.48045
NCN17,102.51708
FDH16,91.71856
FDL44,160.36688
FDY47,128.21014
DRI39,54.78567
NCX54,103.82691
FDE59,36.25366
FDO46,188.62463
DRE13,88.007515
FDW14,88.74331
FDF35,107.53095
FDO50,90.29494
DRF49,115.110535
FDT60,125.918236
FDP38,48.80674
FDA31,172.72845
FDY52,62.878204
FDD03,231.8731
FDN52,85.30634
FDU20,119.621025
FDD22,109.68747
NCB55,58.858723
FDN27,118.54309
FDD16,76.63914
FDW48,78.980255
DRN35,35.056324
FDX25,180.37001
DRD49,235.94969
FDE21,114.07984
FDN44,158.46855
DRC01,47.34823
NCK30,252.35007
FDU39,58.74961
FDB49,98.70087
FDS12,125.94772
FDR57,156.87128
FDX22,209.0858
FDC60,90.18541
NCE42,233.08017
NCK42,216.5487
DRE01,242.76413
FDE57,140.76071
DRK59,234.19838
FDB10,235.58899
FDQ25,173.90167
FDY26,210.50494
FDG28,243.90923
FDM14,108.368744
NCH29,98.694336
FDD48,115.17618
FDC17,210.50797
DRH49,81.82131
FDN44,160.3881
FDC29,114.033356
DRK01,93.114685
FDD48,114.0461
FDB59,198.71745
FDY45,252.95718
FDX60,77.829506
FDT09,131.92743
DRB24,153.75952
FDL13,231.78004
FDN16,102.63746
FDK57,121.55759
FDO22,80.61201
FDC57,194.38824
FDZ13,49.469276
FDW27,154.78148
FDX10,36.40907
FDY08,140.51173
FDA49,86.153755
FDC32,94.47948
FDO04,53.609947
NCZ54,160.35696
FDY40,47.987846
FDW36,107.520996
FDE11,183.56458
DRE37,189.18347
NCK19,192.87685
FDT19,175.15251
FDE56,61.391342
FDZ57,126.658745
FDB35,93.10102
FDF09,35.341095
FDO34,168.515
FDA55,224.96754
NCM18,61.364597
FDJ20,123.065445
DRQ35,125.92786
FDG02,190.1572
NCU29,144.98349
FDL27,63.30188
NCA54,179.10977
FDJ32,62.901756
FDB21,242.00325
FDR46,146.103
FDZ32,105.63388
DRF36,189.60576
NCU54,209.2628
NCI31,34.757126
DRA59,183.95943
NCC55,37.473526
FDE44,49.469513
NCN26,115.38165
FDC11,88.11479
FDV24,149.32587
FDR40,80.64455
NCQ17,157.71007
FDC46,184.77751
NCM18,63.057182
FDK16,97.01117
FDI28,80.76683
FDS11,224.86118
DRD13,65.434135
FDL36,88.74627
FDI27,47.403576
FDJ53,118.50989
FDS44,240.39201
FDE28,230.1751
FDQ33,151.59958
FDB37,238.52827
FDQ31,86.166916
NCQ05,150.14014
FDE10,130.31027
FDF38,39.751736
FDE50,187.3199
DRG37,155.10234
NCH06,248.161
FDY14,264.56174
FDO27,95.15528
FDQ19,241.37282
FDZ26,237.18517
FDN51,260.59036
FDK20,121.9084
FDD40,192.87285
DRI25,56.9072
FDH56,115.676216
FDI36,196.96764
DRH11,56.861404
NCV18,83.27304
DRI01,172.73445
DRE48,198.66
FDS51,60.18163
FDM38,50.64623
FDB60,192.86644
FDY58,228.93912
FDY22,143.4435
FDF11,238.47322
FDZ51,97.31441
FDQ45,181.83243
FDF17,196.39159
NCF31,152.34085
FDA37,125.22756
FDO51,43.379684
FDF34,198.25642
FDD57,95.809265
FDO37,229.00502
FDR49,50.056572
FDS39,141.9906
FDI48,52.223476
DRM35,178.89935
FDV57,181.71472
FDZ55,161.28635
FDI28,77.860886
FDS21,63.241043
FDT34,106.13288
DRI25,54.736034
FDT47,95.19744
DRH39,75.420296
NCD54,144.93546
FDU16,84.99152
NCW29,129.86026
FDV25,221.25505
FDM56,109.59792
FDZ04,65.48472
FDG59,37.091377
FDI56,90.259674
FDS33,88.48053
FDC23,175.46655
FDT11,185.84459
FDG17,244.93279
FDZ44,117.48826
FDJ52,161.2758
DRI23,159.27179
DRE15,77.652214
NCF07,101.48525
NCR29,56.35924
FDE44,48.12645
FDT23,79.55256
NCG06,259.19016
NCU41,191.85054
FDH46,102.64858
FDV31,177.59636
NCT41,153.78
FDE22,160.36142
FDC26,109.53619
DRF51,36.516045
NCY53,113.56501
FDY21,197.43419
FDL27,64.34572
FDZ34,194.27728
NCF43,144.2242
FDC21,108.3693
FDL26,156.0437
FDT25,120.66463
NCR30,75.37942
DRL23,105.92988
NCR05,197.4003
NCE19,53.589607
FDY07,44.14347
FDB10,235.58047
FDP57,105.04436
FDU48,131.17097
FDH48,85.20539
FDO33,115.3799
NCU29,147.9299
FDW35,42.0508
FDH05,231.83527
FDP26,103.817055
DRG27,41.61379
FDQ33,151.71042
FDH20,98.01643
FDV14,89.4737
DRD01,54.73244
NCI17,96.40139
FDF39,263.19055
FDX37,100.81719
NCX17,235.43944
FDN03,250.88538
NCS41,183.53786
FDH34,184.14534
NCX53,142.45822
FDY31,147.946
FDD20,126.38145
FDE51,45.375393
FDV27,87.121185
FDF16,148.27666
FDZ02,96.29684
NCK05,63.045113
FDM12,190.17654
NCA05,150.15292
FDX33,159.24704
FDM25,176.26486
FDE41,85.770935
FDW14,88.447716
NCD30,95.87433
FDB23,226.12695
FDF45,60.22886
FDW20,124.72125
FDF47,222.69241
NCR05,200.85951
DRB01,187.83311
FDE36,164.47044
FDU56,184.09251
FDB23,224.8577
FDN48,90.81938
FDS43,187.99475
NCN05,183.98022
NCL53,176.2882
FDL56,87.08414
FDH17,96.27971
FDP37,126.753426
FDG09,188.82047
FDA55,223.16248
FDX31,234.16962
FDJ41,261.50293
DRC24,155.95322
FDQ21,122.50546
NCT54,93.97316
FDH08,230.13708
FDY38,233.7384
DRM11,261.00177
FDG32,221.81038
NCH18,245.20518
FDI20,211.45042
FDA33,146.8203
FDN45,223.1948
FDT45,56.301376
FDR32,228.93604
FDA48,220.8668
FDN23,144.97481
NCR18,43.083008
FDD45,93.96988
FDI22,207.57718
FDT09,132.93259
DRC24,154.28133
FDT39,149.22705
FDX28,98.14242
FDA50,95.11552
FDT33,168.36101
FDQ60,120.64342
NCM19,112.02377
FDF40,248.1337
NCI30,245.19885
FDK34,238.24883
FDA38,239.23419
FDT02,37.081905
FDC11,88.01906
FDD08,40.08172
NCS29,262.93964
DRI03,176.71611
FDK48,73.17439
FDM52,149.29483
FDP49,56.975204
DRA24,164.48318
NCJ43,172.72458
FDE11,183.6515
FDP01,154.27417
FDQ59,84.850586
FDA43,194.45462
FDL14,154.27219
FDV50,124.138596
FDT01,210.5209
NCC42,139.96207
FDO28,118.59077
FDD32,80.77876
FDV45,185.81369
NCW17,126.61151
NCJ17,86.14708
NCF18,190.18004
FDP01,153.26056
FDH24,156.9763
FDI38,209.07964
FDX03,44.69176
FDY28,213.10396
FDN34,170.93106
FDJ02,148.27228
FDW40,140.56929
FDX03,43.377373
FDE17,152.33003
FDT58,167.03896
FDI38,207.70212
FDW22,223.21405
FDS15,109.29136
NCX06,181.84483
DRK47,230.16621
FDC23,178.394
FDM56,107.48902
FDP21,190.05888
FDP58,219.35286
FDA27,254.76028
FDK41,85.32131
NCH42,230.77893
FDG29,42.418545
FDW15,150.33081
FDD28,59.19949
FDQ37,193.76573
FDC23,178.41238
FDV13,89.09101
FDK33,211.82759
FDO33,113.56932
FDN21,162.019
NCW06,192.72742
FDI38,207.58295
FDC21,107.52745
NCS05,132.9341
NCN53,37.078247
FDV40,74.40341
FDG60,233.15343
NCY30,182.76776
FDM40,140.76614
NCO30,183.53078
FDK10,181.39735
FDM36,172.86534
FDN10,117.49574
FDM46,93.80304
FDX50,111.46752
FDP33,254.34793
FDO12,194.45784
FDC28,110.490105
FDO31,80.785065
FDX45,154.76765
FDV21,125.91863
FDH04,90.848434
NCG54,169.59735
FDO13,162.438
FDA09,179.66916
FDC38,133.92357
NCO42,144.0901
FDL45,123.84543
NCK31,52.160442
FDM39,179.09969
FDC22,192.73018
FDF46,115.38358
FDQ37,191.81421
FDH41,213.10158
FDQ04,40.29329
NCQ02,189.23634
FDJ57,187.61763
NCE07,140.54147
FDE56,60.227882
FDI20,209.26894
FDK36,48.916992
FDP08,191.85074
FDF44,130.97746
NCU53,167.15271
FDF47,224.90135
FDS55,150.07521
FDZ52,110.587494
FDL04,104.99737
NCM26,152.94016
FDX43,168.45464
FDP52,227.49301
DRK49,41.36872
FDE38,165.55032
DRF13,145.09917
FDK41,85.02629
FDJ04,119.84635
FDZ44,118.49937
FDS11,225.99222
FDA55,224.82399
NCW53,194.13362
FDB49,99.80666
FDD23,188.19386
NCV42,109.69259
NCZ29,127.62622
FDQ26,57.687042
FDV08,40.503418
FDC53,99.85614
FDV58,197.28346
NCP02,58.726738
DRI37,56.876842
FDQ12,228.99403
FDE33,76.60099
FDX27,95.12655
FDM22,51.17816
NCH30,113.81888
FDC04,241.97516
FDO38,79.527885
FDV52,117.41279
FDB32,94.515884
FDV43,46.50229
FDI24,178.39919
FDR40,81.74396
FDW02,124.77038
FDE44,48.822937
FDL38,89.41619
NCT54,95.90395
DRJ39,219.50313
FDW55,248.23167
DRF13,144.96964
NCW17,129.85568
FDP13,40.607098
FDS08,173.96706
NCP17,62.837048
NCO53,181.84856
FDH19,173.87935
FDJ04,119.79386
FDG10,56.86865
FDA40,88.00555
FDI53,162.05014
FDU09,56.3826
FDK60,98.111626
FDR43,34.81546
FDW22,220.04205
DRP47,252.4646
DRG48,146.07693
FDA14,146.15314
FDU49,88.05794
FDK28,257.04214
FDT19,173.51534
NCQ42,125.28559
FDD03,234.12387
NCM53,108.36684
NCX53,140.6429
FDV14,85.77836
NCZ54,161.35448
FDB39,55.4219
DRC24,153.29193
FDY36,74.11575
FDN01,176.71031
DRH25,52.96565
FDV08,44.019314
NCP53,238.84575
FDU52,156.64099
NCI42,206.30148
FDZ14,120.64947
FDF11,240.36783
FDQ13,85.76702
FDO32,46.73815
DRJ37,153.27583
FDY43,168.34421
NCT41,153.1949
NCV17,132.95366
FDM04,53.272446
DRB48,38.23411
FDM24,152.91411
FDT37,254.20306
NCO05,97.25809
FDL13,233.99278
FDL15,152.89815
FDB11,223.21078
FDL14,156.27141
FDY10,114.43463
FDJ40,110.642876
NCW18,237.21835
NCY06,128.98009
DRE13,85.7889
FDA26,217.45491
NCE19,52.979347
FDE33,80.59999
DRL59,52.97963
FDY07,45.39184
FDF57,170.94055
FDM58,110.35467
FDP26,103.42574
FDY32,164.60333
FDD51,47.421482
FDU22,119.438286
FDZ49,222.09024
NCI42,208.2167
FDT04,38.18257
NCU41,190.1959
FDS56,263.23843
NCN42,147.74922
FDK34,238.45247
FDB03,240.14893
DRJ25,48.961826
FDT25,123.76227
FDN20,168.35324
FDP09,213.10065
FDM20,242.76585
NCG55,114.43073
NCP14,103.8281
NCH06,246.17975
FDV52,117.46784
NCL07,40.52535
DRJ11,190.88988
DRO59,74.35393
FDW15,147.73651
NCQ30,121.558784
NCN54,75.41147
FDY01,116.379234
FDX39,212.97913
FDH53,82.7991
FDA57,41.605194
NCC07,107.04691
FDU28,187.97842
FDK36,48.722904
FDR36,44.064537
NCQ17,154.79291
FDS28,55.439026
FDE08,148.26013
FDU22,119.85187
FDG41,109.61809
FDO31,77.78925
FDM21,256.48724
FDU40,192.72385
FDV36,126.08207
FDT10,59.196217
FDX38,47.985153
NCU30,163.61562
NCV06,192.87704
FDT16,261.69638
NCP41,108.374756
FDZ56,168.43945
FDC22,191.88315
FDU10,38.262234
FDS46,117.41151
FDO08,166.01991
NCV42,109.70402
FDP33,254.21335
FDJ12,206.30357
FDH04,89.08062
NCU54,210.78075
FDO36,180.41156
FDT37,255.56844
FDD14,185.81398
FDA16,220.46591
NCS42,92.42224
FDP10,103.85086
FDQ28,152.90796
FDK57,119.76353
FDK02,118.02727
FDW47,121.513855
NCC42,139.85231
FDQ37,193.77643
FDL40,95.18252
DRE13,88.508484
FDQ34,103.81954
NCB54,128.56647
FDS48,149.25659
FDO15,72.1297
NCT30,45.914528
FDU49,85.28648
FDE21,115.17052
FDS49,78.77957
FDT38,85.28304
FDZ01,102.412605
FDC41,75.55084
DRG13,162.422
NCZ42,237.22722
NCM07,84.99453
NCV17,131.20424
DRK39,81.78116
FDS37,114.44506
FDV12,96.68643
NCG19,235.71272
FDS51,62.84054
NCO14,43.075874
FDC38,133.9343
FDN15,140.48389
NCH42,228.43805
FDQ22,37.70519
FDC05,195.35777
FDZ31,191.83447
DRJ23,190.19693
FDC52,151.55278
DRD12,89.38289
FDV55,146.04652
FDD32,81.75685
FDR01,200.8083
FDY08,140.03413
FDQ45,184.79785
DRN11,144.9795
NCS05,135.16092
FDY32,162.46783
NCD31,164.58444
NCE06,161.41315
NCP14,102.691414
NCF18,191.56448
FDF14,151.56085
FDB22,155.09737
NCH54,159.23474
FDU27,49.421078
FDS58,159.2483
NCU29,144.99553
FDJ57,185.76598
FDL56,86.35437
FDH60,195.37967
FDN24,53.598293
FDD02,120.62095
FDP15,258.3443
FDB28,197.36827
DRC49,145.00436
NCG30,123.74654
FDJ14,79.39872
FDL52,37.114243
NCG19,234.07922
NCN41,123.76373
FDW22,223.21924
FDI02,112.07605
FDV51,165.56334
FDV48,79.4977
NCL17,140.74678
FDP46,89.436
FDU10,35.722775
FDT37,256.48672
FDI27,46.759724
FDN51,261.31213
FDW07,87.153496
FDN45,223.19504
DRN37,166.02989
DRF48,188.17867
FDP38,51.242947
NCX18,196.04626
FDK45,115.156586
FDZ37,86.382034
FDS50,223.19295
NCR54,195.35501
NCS17,94.498116
FDV31,178.48965
DRE27,96.318504
FDN60,160.2315
FDK26,184.6902
FDX37,99.84414
FDW31,197.40742
FDX26,183.78557
DRL49,142.1357
FDU49,86.402
FDY58,228.83282
FDN03,248.15593
NCV06,191.91414
FDH53,82.89224
FDG31,66.01628
NCC06,128.97871
FDS13,266.0308
FDP16,247.00768
FDA35,120.63935
DRP47,253.63565
FDY28,215.19838
FDY20,90.84606
NCH30,111.465515
NCR29,56.763454
NCP05,150.05722
NCF30,124.767624
FDA08,165.706
FDN51,260.61307
FDH12,107.221245
FDY39,181.80745
NCO53,183.62231
FDB40,146.08606
FDH02,89.42354
FDY11,64.41981
FDQ09,113.62205
FDP16,247.05856
NCF55,34.278313
FDY09,176.72284
FDY39,181.82285
NCU53,164.19475
NCT41,152.32553
FDJ45,35.978493
FDR28,163.53415
FDN08,118.568924
FDJ07,114.41375
FDZ09,164.47124
FDQ14,150.87256
FDY12,50.494045
FDK57,120.66244
FDD20,123.05648
FDS36,111.45977
FDI40,102.527626
FDJ40,110.42812
FDE08,146.77707
DRK01,96.339424
FDC58,43.050686
FDE50,188.8403
FDX48,152.92085
DRM35,177.62354
FDG41,108.93289
FDB52,256.01895
FDV19,158.45624
DRG48,144.93402
FDI26,180.34065
FDU11,121.551674
FDF59,128.1522
FDR07,97.0658
NCE06,162.0614
FDE10,132.94318
NCO55,108.96523
FDZ13,51.210423
FDT50,96.88243
FDH12,105.74973
FDD21,116.39415
NCM05,263.22977
FDK04,59.174995
FDN33,96.221596
NCM18,62.95892
DRC25,85.27605
FDT47,96.33014
FDD45,96.27692
NCD07,114.04676
NCY54,173.88698
FDL12,60.221687
FDL02,105.03747
FDC60,90.197495
FDR37,181.19124
FDY16,184.75154
FDU26,120.62614
FDN24,52.954773
FDH44,149.21683
FDE23,46.445343
FDW60,176.0729
FDQ55,116.38002
FDV32,61.98486
FDV03,155.93288
FDY14,266.14316
NCL55,253.5968
DRF25,38.50322
FDX03,44.67072
FDF40,248.07018
FDX24,90.88299
FDA25,102.613
FDH21,158.45943
FDB47,210.53488
FDT34,105.80248
FDS39,140.65407
NCU05,78.769356
FDE02,93.86895
FDL25,91.734634
FDC50,93.94266
FDZ32,107.013535
FDV14,87.126434
FDR07,96.99181
FDB26,52.24127
NCR50,152.38435
FDP01,153.76312
FDH57,130.3384
FDM60,39.756123
FDA45,175.1225
FDU55,258.8645
FDH40,83.16282
FDG40,33.32871
FDT12,224.11374
DRL59,53.244347
FDT47,98.72174
FDI60,65.41409
DRF51,37.75733
NCK31,50.609467
FDB08,160.1536
FDM44,101.51843
FDD46,152.36035
FDR27,130.31891
FDV56,108.94197
FDM02,86.37174
FDU45,112.50412
FDZ10,125.26366
NCK31,50.318584
FDR27,133.8509
FDF33,108.36174
FDJ36,103.744896
FDP33,254.815
FDG17,245.16055
FDG47,263.50488
NCW29,128.5559
DRH59,72.151634
FDR32,228.99747
FDP48,181.75385
FDG17,244.93855
DRJ59,40.170963
FDY48,103.41764
FDB02,175.24654
FDN10,118.044014
NCD55,42.017796
FDX34,121.92073
FDZ38,170.96039
DRF37,262.2415
DRL47,124.730125
FDL27,64.36125
NCP53,235.98604
FDT03,184.08606
FDJ28,191.93457
FDF40,248.20045
FDA32,216.54865
NCP02,58.656933
FDZ31,193.77876
NCQ29,262.25864
FDP57,105.037384
FDL32,113.55831
DRB01,191.84084
FDJ40,109.65267
FDO24,159.22404
FDO11,248.02785
FDA56,119.8613
FDF02,104.99761
FDA10,122.44785
NCI55,121.85025
FDZ40,53.292736
FDV08,41.597157
FDN48,90.233
FDU57,150.3419
DRF49,114.41263
FDS02,195.34059
FDS43,186.36449
FDT16,259.20935
FDX19,233.80136
FDK15,98.71477
DRA12,140.75438
FDY35,45.36019
NCU42,169.58356
FDD26,184.79596
FDR11,161.42444
NCP53,239.23805
FDP34,156.83476
NCV41,109.64686
FDN20,166.94086
FDZ16,192.87006
FDZ28,126.94964
NCL55,253.60323
NCJ17,85.25381
FDT37,255.66753
FDV51,167.00908
FDZ28,128.96982
FDN27,117.47835
FDS14,158.27953
FDZ58,122.41416
FDD46,155.32446
FDJ03,48.780895
FDU03,180.31415
FDA33,148.27472
NCW53,190.90208
NCC55,37.019863
FDP52,230.08553
FDE39,120.64113
FDB44,210.497
FDG59,37.513042
FDI05,74.26357
FDF59,128.17569
FDM39,180.34727
FDB14,90.81816
NCS05,135.19667
DRJ35,61.93429
FDO31,79.398094
FDA31,173.47423
FDX40,38.55781
FDW56,191.89255
FDH09,51.158413
FDA52,176.43484
FDF20,198.23764
FDE40,61.37753
NCU17,99.897
NCP14,106.14747
FDN25,56.414856
FDU39,59.22613
NCM05,264.9336
FDU07,149.29344
FDF28,126.2758
FDR57,158.4455
FDJ33,123.02544
DRH23,55.6463
FDQ52,249.02867
DRK13,197.19931
FDP09,211.8334
FDR08,109.44279
FDV50,122.32487
FDT13,189.595
FDJ27,100.84812
FDH21,156.97148
FDW14,87.99992
FDL52,39.46894
FDW28,196.51537
FDL40,97.31599
FDE24,141.88344
FDX35,227.5209
FDP46,88.498055
FDX56,206.26613
FDQ45,185.44417
FDK50,161.33968
FDY26,211.44061
FDQ09,114.02052
FDN39,168.51733
FDP13,40.95696
FDR51,150.08942
FDZ49,219.38704
FDL28,230.15446
FDZ10,125.63992
FDK38,147.96394
DRL49,143.2648
FDR15,153.26537
FDQ24,251.62903
FDD56,176.69818
NCR42,32.66004
FDH52,63.27445
FDH57,130.3246
FDR15,156.76315
FDJ34,125.26592
FDW37,92.40118
FDQ23,101.42175
FDP34,158.31631
FDE04,181.23051
FDC48,80.73479
FDA47,162.35133
FDI35,179.72824
NCV05,156.08176
FDR28,162.02985
FDH31,98.15796
FDP59,103.80406
FDS19,76.60597
FDM60,41.041027
FDJ44,173.32234
DRH51,86.36812
DRC25,85.16262
DRE25,93.123024
NCX05,115.14347
FDR11,158.48532
DRP47,250.89386
DRC49,143.52893
FDQ47,36.50563
FDL20,111.41608
FDM34,131.02011
NCN55,239.22623
FDD41,103.83766
FDE52,90.27994
NCT18,179.19653
FDJ32,60.06397
FDE16,210.44398
FDZ09,163.52583
DRZ11,123.81846
FDK41,86.342255
FDE56,61.39275
FDH34,185.84656
DRI49,80.778015
DRI59,224.86578
DRC36,173.87306
FDS15,105.90691
FDI07,196.02892
FDZ15,118.51194
NCX41,211.43051
NCO29,166.02155
FDF57,168.36562
FDI33,90.84804
DRJ47,171.87486
FDB34,86.40713
FDY22,143.42001
DRL11,158.38428
FDY46,188.8364
FDG17,242.7138
FDE52,88.480316
DRP47,251.62584
FDO01,127.59407
FDL09,169.78978
FDR57,157.7017
DRD37,47.952957
FDQ36,39.142803
FDL33,196.51286
FDL48,49.442535
FDL28,230.7538
NCN29,47.411163
FDO13,166.02281
FDB38,162.04825
FDI36,196.31398
FDI58,91.73613
FDH22,129.0204
FDQ27,105.043564
FDT33,166.02362
FDC56,119.45338
FDF14,154.8088
FDQ39,191.8789
NCM43,164.46457
FDS46,119.83984
FDI22,207.60608
NCE43,170.42189
FDZ36,185.78503
FDR13,115.921165
FDP46,89.40422
FDW56,191.84392
FDB40,145.08057
FDM28,178.79518
FDV49,264.54996
NCS53,156.82552
FDO03,228.81133
FDT15,183.62288
FDD33,230.74242
FDX13,250.8736
FDH60,197.19608
DRH51,86.14118
NCL07,41.997063
FDW51,214.20523
FDF21,187.97319
FDH26,139.93947
FDJ03,50.34599
FDU35,97.98224
DRL01,231.88663
FDE59,36.679127
FDI60,64.40744
DRH39,77.5387
FDK36,49.001923
FDN52,85.24138
FDU12,263.16925
NCT05,255.69394
FDS37,117.43192
FDK24,46.4891
DRF36,191.54456
FDN46,101.28818
NCN06,162.36482
FDD59,80.77233
FDM14,109.47014
FDO10,56.365902
FDU35,98.15715
NCA30,188.84996
NCO41,97.319176
FDI24,175.4666
FDZ16,192.73721
FDV47,82.83021
FDV16,34.594116
FDZ22,81.77744
FDO20,254.20483
FDW38,55.663162
FDW52,164.01994
FDT43,51.265133
NCS29,264.71313
NCC31,154.7779
FDA21,186.84537
FDQ55,116.21479
NCE54,75.529945
FDD45,93.869835
NCP17,63.2675
FDR47,192.87692
DRM35,177.3261
FDR47,194.28833
FDX19,234.0019
FDV22,156.269
FDQ46,111.23829
DRO47,112.18864
FDB44,210.66225
FDN02,204.65878
FDW10,175.06416
FDJ41,262.59567
FDM50,58.804646
FDW10,177.25575
FDY48,102.46754
NCE30,213.00677
FDO04,56.852135
FDQ26,57.677654
NCX29,146.18869
FDE39,117.48316
NCR54,194.48279
NCP55,56.881317
FDX22,211.3829
FDI05,74.103745
FDC51,124.7288
FDC10,119.43715
FDJ46,173.90663
FDV10,44.108215
FDX12,242.31163
FDL43,77.70764
DRB13,189.22302
FDF59,127.88608
FDT35,168.35292
NCJ19,58.704887
FDT35,169.7967
FDI48,49.476795
DRC24,152.38866
NCZ05,102.63587
FDJ57,185.44357
FDX11,182.61897
FDE09,110.674995
NCK06,119.84785
DRE37,190.07323
FDV56,105.94378
FDY43,166.97865
FDV35,153.77806
FDF05,261.64993
FDA36,183.48544
FDS13,263.08273
FDU47,141.86852
FDI36,196.01086
FDH48,86.37351
FDZ14,121.57121
FDS46,121.527374
FDE21,118.04666
FDA26,220.50145
FDV12,99.82463
FDL46,115.95057
FDN57,143.27644
NCJ18,117.47091
FDO36,179.66048
FDX55,215.7089
FDT25,123.74319
FDD16,74.4066
NCX18,196.02383
NCG55,114.413185
NCV18,83.16812
NCS18,107.54213
FDC37,107.22418
FDE47,124.121864
DRG49,245.17203
FDC39,206.29466
FDH24,159.27863
FDV39,198.43707
NCL17,143.28813
NCY53,113.58605
FDH52,63.316044
NCD19,53.56362
FDI44,76.44635
DRD49,238.26967
FDN08,119.458275
FDO20,253.03352
FDY02,261.69742
FDX23,93.108574
FDX01,115.9297
FDH20,96.69802
NCX41,211.8191
FDD21,115.17271
DRH11,54.636513
DRE60,226.03537
FDB10,237.22955
FDH38,117.440575
NCL07,38.495613
FDD48,113.60661
NCT54,93.13019
FDF32,198.67339
DRH51,88.067245
DRG03,155.35881
NCY42,143.30347
FDH32,95.15832
NCJ06,120.659645
FDH47,96.69076
FDZ08,81.83025
FDK16,95.7635
DRG01,75.51731
NCM53,105.047
NCB07,197.02873
NCZ06,253.04329
FDU48,131.01367
NCB55,59.21564
FDP15,258.37326
FDF17,196.04987
NCN06,164.57806
DRM48,38.104607
FDH10,191.83437
FDC60,88.00636
FDE35,58.71512
DRI23,162.36444
NCR38,253.57213
FDP04,62.105072
NCW17,130.33424
FDX34,122.40437
NCK53,98.16717
NCO54,55.68784
NCH55,127.20874
FDT44,117.416466
DRG49,242.7711
FDX46,57.61296
DRG36,170.33234
FDU37,80.77514
FDK10,181.7386
DRF37,261.32104
FDC44,112.52411
FDP15,257.6609
FDZ27,49.47333
FDY22,143.60907
DRG51,166.02634
FDN58,233.73543
FDW01,154.26259
FDX24,93.75221
FDO51,42.3217
FDJ52,161.36067
NCY06,129.21587
FDE20,168.34723
FDT23,76.49588
FDQ51,49.00357
FDE35,60.005905
FDB46,212.9958
NCG19,233.10997
NCL06,260.54648
FDT36,34.41061
FDC56,121.56808
FDJ26,215.13954
FDZ59,168.34435
FDV11,176.3142
FDR13,115.37525
FDI15,263.7138
FDF47,223.1988
NCB54,129.22377
NCK19,192.71768
FDX16,151.5337
FDL50,126.08183
NCE31,35.265785
DRJ01,161.31404
FDE22,160.35526
FDY20,89.11121
NCO14,44.61404
NCR50,151.5582
DRM47,190.89702
FDO27,96.3926
FDJ20,124.72194
NCX17,234.06451
FDG59,36.89496
FDD52,108.669525
FDO48,221.78973
FDC59,63.255722
FDS15,108.367355
FDB47,210.52638
FDV14,87.108765
FDB27,195.40797
FDA35,124.09524
FDN51,261.5085
FDO39,181.97307
FDB28,197.4092
DRJ25,49.41031
FDH46,100.83401
FDI10,172.63922
FDU21,32.83569
FDD09,180.35236
FDD10,179.33325
FDN31,191.55765
FDA46,196.35985
FDM56,108.353676
FDF11,239.9284
FDS32,139.942
NCM06,152.95276
FDZ26,239.22357
FDO01,130.33026
FDJ46,175.10185
FDG26,257.65
FDZ38,173.92468
NCO55,105.04741
FDT60,123.8375
FDW37,91.649734
NCK42,214.23802
FDA45,175.47128
FDW55,250.91193
FDY44,196.01862
FDQ31,85.77093
FDM09,171.14703
FDH12,105.04031
NCQ43,109.697395
FDT33,166.86613
NCT41,150.32617
DRJ25,50.424484
NCQ41,196.5402
NCN17,100.86041
DRO35,117.484085
FDU27,48.738213
FDY43,169.60294
FDG46,115.725204
DRL49,144.06987
NCB55,57.656788
FDK28,259.48492
FDO49,49.47282
FDT03,182.58357
FDW33,105.009605
FDR02,110.39926
FDF50,198.42651
FDA40,88.73068
NCT53,164.50363
FDY60,141.87132
FDP44,102.65567
NCQ50,214.18146
NCC30,177.58699
FDQ60,120.66576
FDG41,109.07912
FDQ03,237.22743
FDM03,106.98489
FDZ51,93.11248
DRF51,38.844463
FDF39,261.48782
FDW52,163.56201
FDY22,145.06198
FDG14,150.11913
FDA57,39.701897
FDL45,126.64996
FDX28,97.534134
NCQ54,169.88945
FDH40,80.592804
FDU52,157.37201
FDT60,123.77429
FDK08,99.85862
FDN04,179.31674
FDE50,187.35764
FDI16,51.253944
FDM50,60.25112
NCV30,62.049713
FDT44,115.90855
FDY60,145.0672
FDT56,58.81849
FDV58,194.47935
FDU04,123.033005
NCN05,184.78609
FDI53,161.38406
FDD34,164.13255
FDW47,123.85417
FDT51,111.47145
FDO27,96.31089
NCQ18,101.41011
NCW05,109.18646
FDI15,265.26694
NCH43,216.75505
FDT40,125.84642
NCG19,231.97632
NCM30,40.85712
FDB38,157.7249
FDB22,153.7673
FDC58,44.00325
NCI29,140.56406
FDA23,99.88263
DRG48,144.06447
FDV21,125.28689
NCG18,101.290054
FDG40,34.51685
FDU24,94.47593
FDA22,166.15439
FDY35,46.471664
FDJ15,182.58542
NCW18,235.99605
FDK56,188.85658
FDF44,131.98643
FDP51,119.815186
FDU22,116.39627
FDM28,178.4015
NCL42,244.12367
FDJ15,184.8219
FDI32,113.5893
DRL11,159.26495
DRO59,75.39585
FDA07,123.76131
NCO53,181.82494
FDO21,224.84367
FDW39,178.39073
NCV17,131.02689
FDE22,158.3181
NCB06,158.44038
DRF48,185.4467
FDB05,248.1482
FDP28,259.4524
FDP23,219.48906
NCS41,182.6701
FDS40,38.569973
FDA16,219.45029
FDN20,166.98824
FDF04,258.55685
DRG36,169.99403
FDW16,93.10577
FDU09,54.615974
FDW01,154.29834
FDB15,265.171
NCJ17,86.21294
NCT18,182.82474
FDG16,214.20268
FDP27,191.6536
FDQ44,121.54496
FDL50,125.259575
FDW57,178.51869
FDS34,114.42891
NCV30,61.356834
FDD26,185.47746
FDA03,146.78233
FDS27,195.39665
FDM12,187.79924
NCV42,110.38775
NCS41,184.12666
FDN56,142.43837
DRK59,233.27055
NCG18,103.428986
NCN26,117.42136
FDI60,62.97872
NCI43,49.98685
NCL17,143.2643
FDQ19,244.11162
FDY43,166.88953
FDR36,43.126648
FDJ58,172.5951
DRY23,43.56489
FDK26,187.6234
DRH03,94.50862
FDC10,119.74211
FDD23,186.34804
FDP32,126.744286
FDO31,80.63697
FDQ57,144.91075
FDX32,143.55864
FDC39,207.73785
FDU55,261.28806
FDL45,123.77465
DRK37,188.82117
FDK22,215.41391
DRG37,155.94868
FDK22,214.20045
DRH36,72.96421
DRC36,173.46844
DRE03,45.959805
FDF34,196.98695
FDZ22,81.84284
FDC44,115.21248
FDN31,187.98897
FDO03,229.0164
FDA01,59.309143
NCH42,231.58047
FDF46,116.2319
DRL35,43.096214
FDW46,63.252254
FDB58,140.75377
FDD47,169.6772
NCO17,118.544334
FDJ26,214.19415
FDU37,79.54362
